{
 "omicstype": "",
"nodes": [
 {
 "id": "C002",
"label": "C002",
"size":       18,
"meta": "control",
"fx":  -5.5315,
"fy":  667.884,
"fz": -385.6903,
"origX": -0.11063,
"origY":   1.6971,
"origZ":  0.75042,
"colorb": "#E6194B" 
},
{
 "id": "C004",
"label": "C004",
"size":       18,
"meta": "control",
"fx":   186.62,
"fy":  677.572,
"fz": -440.5011,
"origX":   3.7324,
"origY":   1.9393,
"origZ": -0.20877,
"colorb": "#E6194B" 
},
{
 "id": "C005",
"label": "C005",
"size":       18,
"meta": "control",
"fx":  33.0145,
"fy":  641.492,
"fz": -531.6514,
"origX":  0.66029,
"origY":   1.0373,
"origZ":  -1.8039,
"colorb": "#E6194B" 
},
{
 "id": "C006",
"label": "C006",
"size":       18,
"meta": "control",
"fx":  231.555,
"fy": 613.0452,
"fz": -654.8457,
"origX":   4.6311,
"origY":  0.32613,
"origZ":  -3.9598,
"colorb": "#E6194B" 
},
{
 "id": "C007",
"label": "C007",
"size":       18,
"meta": "control",
"fx":  223.505,
"fy":  752.396,
"fz": -242.8914,
"origX":   4.4701,
"origY":   3.8099,
"origZ":   3.2494,
"colorb": "#E6194B" 
},
{
 "id": "C009",
"label": "C009",
"size":       18,
"meta": "control",
"fx":   238.21,
"fy":  650.632,
"fz": -613.8629,
"origX":   4.7642,
"origY":   1.2658,
"origZ":  -3.2426,
"colorb": "#E6194B" 
},
{
 "id": "C010",
"label": "C010",
"size":       18,
"meta": "control",
"fx":  194.945,
"fy":  703.272,
"fz": -403.372,
"origX":   3.8989,
"origY":   2.5818,
"origZ":  0.44099,
"colorb": "#E6194B" 
},
{
 "id": "C011",
"label": "C011",
"size":       18,
"meta": "control",
"fx":   436.22,
"fy": 588.0488,
"fz": -483.9931,
"origX":   8.7244,
"origY": -0.29878,
"origZ": -0.96988,
"colorb": "#E6194B" 
},
{
 "id": "C012",
"label": "C012",
"size":       18,
"meta": "control",
"fx":   128.19,
"fy":  720.596,
"fz":  -488.36,
"origX":   2.5638,
"origY":   3.0149,
"origZ":  -1.0463,
"colorb": "#E6194B" 
},
{
 "id": "C015",
"label": "C015",
"size":       18,
"meta": "control",
"fx":  189.255,
"fy":  754.132,
"fz":  -485.88,
"origX":   3.7851,
"origY":   3.8533,
"origZ":  -1.0029,
"colorb": "#E6194B" 
},
{
 "id": "C016",
"label": "C016",
"size":       18,
"meta": "control",
"fx":  362.735,
"fy":  577.132,
"fz": -570.9943,
"origX":   7.2547,
"origY":  -0.5717,
"origZ":  -2.4924,
"colorb": "#E6194B" 
},
{
 "id": "C017",
"label": "C017",
"size":       18,
"meta": "control",
"fx":  139.055,
"fy":  837.652,
"fz": -116.2971,
"origX":   2.7811,
"origY":   5.9413,
"origZ":   5.4648,
"colorb": "#E6194B" 
},
{
 "id": "C019",
"label": "C019",
"size":       18,
"meta": "control",
"fx":   301.55,
"fy": 636.4604,
"fz": -684.0971,
"origX":    6.031,
"origY":  0.91151,
"origZ":  -4.4717,
"colorb": "#E6194B" 
},
{
 "id": "C020",
"label": "C020",
"size":       18,
"meta": "control",
"fx":  145.285,
"fy":  768.292,
"fz": -593.6686,
"origX":   2.9057,
"origY":   4.2073,
"origZ":  -2.8892,
"colorb": "#E6194B" 
},
{
 "id": "C021",
"label": "C021",
"size":       18,
"meta": "control",
"fx":  244.185,
"fy":  762.896,
"fz":  -563.28,
"origX":   4.8837,
"origY":   4.0724,
"origZ":  -2.3574,
"colorb": "#E6194B" 
},
{
 "id": "C022",
"label": "C022",
"size":       18,
"meta": "control",
"fx":   174.81,
"fy":  711.172,
"fz": -447.024,
"origX":   3.4962,
"origY":   2.7793,
"origZ": -0.32292,
"colorb": "#E6194B" 
},
{
 "id": "C024",
"label": "C024",
"size":       18,
"meta": "control",
"fx":   230.83,
"fy":  737.792,
"fz": -518.3714,
"origX":   4.6166,
"origY":   3.4448,
"origZ":  -1.5715,
"colorb": "#E6194B" 
},
{
 "id": "C026",
"label": "C026",
"size":       18,
"meta": "control",
"fx":  373.375,
"fy":   764.94,
"fz": -384.1371,
"origX":   7.4675,
"origY":   4.1235,
"origZ":   0.7776,
"colorb": "#E6194B" 
},
{
 "id": "C028",
"label": "C028",
"size":       18,
"meta": "control",
"fx":   198.73,
"fy":  663.132,
"fz": -363.1429,
"origX":   3.9746,
"origY":   1.5783,
"origZ":    1.145,
"colorb": "#E6194B" 
},
{
 "id": "C029",
"label": "C029",
"size":       18,
"meta": "control",
"fx":    173.5,
"fy":  729.764,
"fz": -565.1657,
"origX":     3.47,
"origY":   3.2441,
"origZ":  -2.3904,
"colorb": "#E6194B" 
},
{
 "id": "C030",
"label": "C030",
"size":       18,
"meta": "control",
"fx":  328.445,
"fy":  750.856,
"fz": -413.7983,
"origX":   6.5689,
"origY":   3.7714,
"origZ":  0.25853,
"colorb": "#E6194B" 
},
{
 "id": "C031",
"label": "C031",
"size":       18,
"meta": "control",
"fx":  333.605,
"fy":  543.152,
"fz":  -493.48,
"origX":   6.6721,
"origY":  -1.4212,
"origZ":  -1.1359,
"colorb": "#E6194B" 
},
{
 "id": "C032",
"label": "C032",
"size":       18,
"meta": "control",
"fx":  340.665,
"fy":  740.704,
"fz":  -550.68,
"origX":   6.8133,
"origY":   3.5176,
"origZ":  -2.1369,
"colorb": "#E6194B" 
},
{
 "id": "C033",
"label": "C033",
"size":       18,
"meta": "control",
"fx":   265.49,
"fy":  692.776,
"fz": -654.0171,
"origX":   5.3098,
"origY":   2.3194,
"origZ":  -3.9453,
"colorb": "#E6194B" 
},
{
 "id": "C034",
"label": "C034",
"size":       18,
"meta": "control",
"fx":    94.56,
"fy":  754.788,
"fz": -325.7029,
"origX":   1.8912,
"origY":   3.8697,
"origZ":   1.8002,
"colorb": "#E6194B" 
},
{
 "id": "P002",
"label": "P002",
"size":       18,
"meta": "patient",
"fx":   55.965,
"fy":  444.176,
"fz": 122.5657,
"origX":   1.1193,
"origY":  -3.8956,
"origZ":   9.6449,
"colorb": "#3CB44B" 
},
{
 "id": "P012",
"label": "P012",
"size":       18,
"meta": "patient",
"fx":  -602.25,
"fy":  434.716,
"fz": -706.7486,
"origX":  -12.045,
"origY":  -4.1321,
"origZ":  -4.8681,
"colorb": "#3CB44B" 
},
{
 "id": "P014",
"label": "P014",
"size":       18,
"meta": "patient",
"fx":  -268.59,
"fy":  640.748,
"fz": -315.9029,
"origX":  -5.3718,
"origY":   1.0187,
"origZ":   1.9717,
"colorb": "#3CB44B" 
},
{
 "id": "P027",
"label": "P027",
"size":       18,
"meta": "patient",
"fx": -190.835,
"fy":  658.868,
"fz": -408.8766,
"origX":  -3.8167,
"origY":   1.4717,
"origZ":  0.34466,
"colorb": "#3CB44B" 
},
{
 "id": "P034",
"label": "P034",
"size":       18,
"meta": "patient",
"fx":  -246.49,
"fy":  653.708,
"fz":    -95.8,
"origX":  -4.9298,
"origY":   1.3427,
"origZ":   5.8235,
"colorb": "#3CB44B" 
},
{
 "id": "P037",
"label": "P037",
"size":       18,
"meta": "patient",
"fx":  195.955,
"fy": 610.4232,
"fz": -22.63429,
"origX":   3.9191,
"origY":  0.26058,
"origZ":   7.1039,
"colorb": "#3CB44B" 
},
{
 "id": "P038",
"label": "P038",
"size":       18,
"meta": "patient",
"fx":  -385.01,
"fy":  544.464,
"fz": -430.4899,
"origX":  -7.7002,
"origY":  -1.3884,
"origZ": -0.033573,
"colorb": "#3CB44B" 
},
{
 "id": "P041",
"label": "P041",
"size":       18,
"meta": "patient",
"fx":  -500.85,
"fy":   130.08,
"fz": -392.2263,
"origX":  -10.017,
"origY":  -11.748,
"origZ":  0.63604,
"colorb": "#3CB44B" 
},
{
 "id": "P042",
"label": "P042",
"size":       18,
"meta": "patient",
"fx":  -308.62,
"fy":  665.224,
"fz": -607.7143,
"origX":  -6.1724,
"origY":   1.6306,
"origZ":   -3.135,
"colorb": "#3CB44B" 
},
{
 "id": "P049",
"label": "P049",
"size":       18,
"meta": "patient",
"fx":  -155.53,
"fy":  677.384,
"fz": -482.7497,
"origX":  -3.1106,
"origY":   1.9346,
"origZ": -0.94812,
"colorb": "#3CB44B" 
},
{
 "id": "P056",
"label": "P056",
"size":       18,
"meta": "patient",
"fx": -156.885,
"fy":  648.044,
"fz": -419.2891,
"origX":  -3.1377,
"origY":   1.2011,
"origZ":  0.16244,
"colorb": "#3CB44B" 
},
{
 "id": "P058",
"label": "P058",
"size":       18,
"meta": "patient",
"fx":  -49.066,
"fy":  476.408,
"fz": -265.5371,
"origX": -0.98132,
"origY":  -3.0898,
"origZ":   2.8531,
"colorb": "#3CB44B" 
},
{
 "id": "P060",
"label": "P060",
"size":       18,
"meta": "patient",
"fx":  -233.74,
"fy": 577.5184,
"fz": -412.7423,
"origX":  -4.6748,
"origY": -0.56204,
"origZ":  0.27701,
"colorb": "#3CB44B" 
},
{
 "id": "P064",
"label": "P064",
"size":       18,
"meta": "patient",
"fx": -498.425,
"fy":  538.984,
"fz": -436.3211,
"origX":  -9.9685,
"origY":  -1.5254,
"origZ": -0.13562,
"colorb": "#3CB44B" 
},
{
 "id": "P065",
"label": "P065",
"size":       18,
"meta": "patient",
"fx": -372.055,
"fy":  533.812,
"fz": -529.2571,
"origX":  -7.4411,
"origY":  -1.6547,
"origZ":   -1.762,
"colorb": "#3CB44B" 
},
{
 "id": "P070",
"label": "P070",
"size":       18,
"meta": "patient",
"fx":   -140.2,
"fy": 573.9964,
"fz": -300.1886,
"origX":   -2.804,
"origY": -0.65009,
"origZ":   2.2467,
"colorb": "#3CB44B" 
},
{
 "id": "P080",
"label": "P080",
"size":       18,
"meta": "patient",
"fx":   -81.67,
"fy":  236.056,
"fz": 622.9714,
"origX":  -1.6334,
"origY":  -9.0986,
"origZ":   18.402,
"colorb": "#3CB44B" 
},
{
 "id": "P085",
"label": "P085",
"size":       18,
"meta": "patient",
"fx":  -670.55,
"fy":  681.764,
"fz": -673.4743,
"origX":  -13.411,
"origY":   2.0441,
"origZ":  -4.2858,
"colorb": "#3CB44B" 
},
{
 "id": "P086",
"label": "P086",
"size":       18,
"meta": "patient",
"fx":  -317.35,
"fy":  476.596,
"fz": -693.9886,
"origX":   -6.347,
"origY":  -3.0851,
"origZ":  -4.6448,
"colorb": "#3CB44B" 
},
{
 "id": "P089",
"label": "P089",
"size":       18,
"meta": "patient",
"fx":  -549.45,
"fy":  548.292,
"fz":  -564.84,
"origX":  -10.989,
"origY":  -1.2927,
"origZ":  -2.3847,
"colorb": "#3CB44B" 
},
{
 "id": "P092",
"label": "P092",
"size":       18,
"meta": "patient",
"fx":   -82.67,
"fy":  659.352,
"fz": -331.7771,
"origX":  -1.6534,
"origY":   1.4838,
"origZ":   1.6939,
"colorb": "#3CB44B" 
},
{
 "id": "P099",
"label": "P099",
"size":       18,
"meta": "patient",
"fx":  157.745,
"fy":   845.08,
"fz": -254.2229,
"origX":   3.1549,
"origY":    6.127,
"origZ":   3.0511,
"colorb": "#3CB44B" 
},
{
 "id": "P113",
"label": "P113",
"size":       18,
"meta": "patient",
"fx":   833.05,
"fy":     -658,
"fz": -718.5486,
"origX":   16.661,
"origY":   -31.45,
"origZ":  -5.0746,
"colorb": "#3CB44B" 
},
{
 "id": "P013b",
"label": "P013b",
"size":       18,
"meta": "patient",
"fx":  -596.85,
"fy":  385.692,
"fz":  -542.96,
"origX":  -11.937,
"origY":  -5.3577,
"origZ":  -2.0018,
"colorb": "#3CB44B" 
},
{
 "id": "P100b",
"label": "P100b",
"size":       18,
"meta": "patient",
"fx": -398.475,
"fy": 576.0236,
"fz": -592.9257,
"origX":  -7.9695,
"origY": -0.59941,
"origZ":  -2.8762,
"colorb": "#3CB44B" 
} 
],
"meta": [ "control", "control", "control", "control", "control", "control", "control", "control", "control", "control", "control", "control", "control", "control", "control", "control", "control", "control", "control", "control", "control", "control", "control", "control", "control", "patient", "patient", "patient", "patient", "patient", "patient", "patient", "patient", "patient", "patient", "patient", "patient", "patient", "patient", "patient", "patient", "patient", "patient", "patient", "patient", "patient", "patient", "patient", "patient", "patient" ],
"loading": [
 {
 "id": "Bin.9.98",
"label": "Bin.9.98",
"size":       24,
"opacity":     0.38,
"fx": 194.3617,
"fy": 227.9714,
"fz":  243.475,
"origX": 0.0033234,
"origY": 0.064895,
"origZ": 0.048695,
"seedArr": "notSeed",
"colorb": "#FCF2CC",
"colorw": "#FCF2CC" 
},
{
 "id": "Bin.9.94",
"label": "Bin.9.94",
"size":       24,
"opacity":     0.31,
"fx": 157.2375,
"fy": -67.74857,
"fz":   211.61,
"origX": -0.0011315,
"origY": 0.013144,
"origZ": 0.042322,
"seedArr": "notSeed",
"colorb": "#FCF4DD",
"colorw": "#FCF4DD" 
},
{
 "id": "Bin.9.90",
"label": "Bin.9.90",
"size":       24,
"opacity":     0.38,
"fx":   -62.95,
"fy": 188.4743,
"fz":   251.63,
"origX": -0.027554,
"origY": 0.057983,
"origZ": 0.050326,
"seedArr": "notSeed",
"colorb": "#FCF2CB",
"colorw": "#FCF2CB" 
},
{
 "id": "Bin.9.86",
"label": "Bin.9.86",
"size":       24,
"opacity":     0.33,
"fx":   -14.05,
"fy": 131.4171,
"fz":   156.68,
"origX": -0.021686,
"origY": 0.047998,
"origZ": 0.031336,
"seedArr": "notSeed",
"colorb": "#FCF4D8",
"colorw": "#FCF4D8" 
},
{
 "id": "Bin.9.82",
"label": "Bin.9.82",
"size":       24,
"opacity":     0.36,
"fx": 129.7192,
"fy": 261.0743,
"fz":   130.54,
"origX": -0.0044337,
"origY": 0.070688,
"origZ": 0.026108,
"seedArr": "notSeed",
"colorb": "#FCF3D0",
"colorw": "#FCF3D0" 
},
{
 "id": "Bin.9.78",
"label": "Bin.9.78",
"size":       24,
"opacity":     0.34,
"fx": 151.1667,
"fy": 156.8686,
"fz":  218.585,
"origX": -0.00186,
"origY": 0.052452,
"origZ": 0.043717,
"seedArr": "notSeed",
"colorb": "#FCF3D4",
"colorw": "#FCF3D4" 
},
{
 "id": "Bin.9.74",
"label": "Bin.9.74",
"size":       24,
"opacity":      0.5,
"fx": -45.96667,
"fy":   411.44,
"fz":   248.52,
"origX": -0.025516,
"origY": 0.097002,
"origZ": 0.049704,
"seedArr": "notSeed",
"colorb": "#FEEEAB",
"colorw": "#FEEEAB" 
},
{
 "id": "Bin.9.70",
"label": "Bin.9.70",
"size":       24,
"opacity":      0.3,
"fx": -19.05833,
"fy": -125.3949,
"fz":    80.51,
"origX": -0.022287,
"origY": 0.0030559,
"origZ": 0.016102,
"seedArr": "notSeed",
"colorb": "#FCF5DF",
"colorw": "#FCF5DF" 
},
{
 "id": "Bin.9.66",
"label": "Bin.9.66",
"size":       24,
"opacity":     0.42,
"fx":  -196.75,
"fy": 265.6229,
"fz":   130.75,
"origX": -0.04361,
"origY": 0.071484,
"origZ":  0.02615,
"seedArr": "notSeed",
"colorb": "#FDF1C1",
"colorw": "#FDF1C1" 
},
{
 "id": "Bin.9.62",
"label": "Bin.9.62",
"size":       24,
"opacity":     0.46,
"fx": -244.7833,
"fy":   303.24,
"fz":  157.295,
"origX": -0.049374,
"origY": 0.078067,
"origZ": 0.031459,
"seedArr": "notSeed",
"colorb": "#FDEFB6",
"colorw": "#FDEFB6" 
},
{
 "id": "Bin.9.58",
"label": "Bin.9.58",
"size":       24,
"opacity":     0.39,
"fx":   -154.7,
"fy": 232.1371,
"fz":  181.205,
"origX": -0.038564,
"origY": 0.065624,
"origZ": 0.036241,
"seedArr": "notSeed",
"colorb": "#FDF2C8",
"colorw": "#FDF2C8" 
},
{
 "id": "Bin.9.54",
"label": "Bin.9.54",
"size":       24,
"opacity":     0.36,
"fx": -137.3167,
"fy": 159.9314,
"fz":   156.44,
"origX": -0.036478,
"origY": 0.052988,
"origZ": 0.031288,
"seedArr": "notSeed",
"colorb": "#FCF3D1",
"colorw": "#FCF3D1" 
},
{
 "id": "Bin.9.50",
"label": "Bin.9.50",
"size":       24,
"opacity":     0.48,
"fx": -439.175,
"fy": 138.1657,
"fz":  286.055,
"origX": -0.072701,
"origY": 0.049179,
"origZ": 0.057211,
"seedArr": "notSeed",
"colorb": "#FEEFB2",
"colorw": "#FEEFB2" 
},
{
 "id": "Bin.9.46",
"label": "Bin.9.46",
"size":       24,
"opacity":     0.39,
"fx":   -274.1,
"fy": 227.6743,
"fz":   40.077,
"origX": -0.052892,
"origY": 0.064843,
"origZ": 0.0080154,
"seedArr": "notSeed",
"colorb": "#FDF2C8",
"colorw": "#FDF2C8" 
},
{
 "id": "Bin.9.42",
"label": "Bin.9.42",
"size":       24,
"opacity":     0.44,
"fx": -501.0583,
"fy": 123.2286,
"fz":    85.45,
"origX": -0.080127,
"origY": 0.046565,
"origZ":  0.01709,
"seedArr": "notSeed",
"colorb": "#FDF0BB",
"colorw": "#FDF0BB" 
},
{
 "id": "Bin.9.38",
"label": "Bin.9.38",
"size":       24,
"opacity":     0.69,
"fx": -568.825,
"fy": 506.1714,
"fz":  181.605,
"origX": -0.088259,
"origY":  0.11358,
"origZ": 0.036321,
"seedArr": "notSeed",
"colorb": "#F68958",
"colorw": "#F68958" 
},
{
 "id": "Bin.9.34",
"label": "Bin.9.34",
"size":       24,
"opacity":     0.41,
"fx":   -275.3,
"fy": 228.0229,
"fz":   110.12,
"origX": -0.053036,
"origY": 0.064904,
"origZ": 0.022024,
"seedArr": "notSeed",
"colorb": "#FDF1C4",
"colorw": "#FDF1C4" 
},
{
 "id": "Bin.9.30",
"label": "Bin.9.30",
"size":       24,
"opacity":     0.55,
"fx": -360.2167,
"fy":    434.4,
"fz": -136.185,
"origX": -0.063226,
"origY":  0.10102,
"origZ": -0.027237,
"seedArr": "notSeed",
"colorb": "#FEEA9E",
"colorw": "#FEEA9E" 
},
{
 "id": "Bin.9.26",
"label": "Bin.9.26",
"size":       24,
"opacity":     0.35,
"fx":  -75.325,
"fy":    -62.4,
"fz":  -301.18,
"origX": -0.029039,
"origY":  0.01408,
"origZ": -0.060236,
"seedArr": "notSeed",
"colorb": "#FCF3D3",
"colorw": "#FCF3D3" 
},
{
 "id": "Bin.9.22",
"label": "Bin.9.22",
"size":       24,
"opacity":     0.47,
"fx": -514.025,
"fy": 162.2057,
"fz":  166.465,
"origX": -0.081683,
"origY": 0.053386,
"origZ": 0.033293,
"seedArr": "notSeed",
"colorb": "#FEEFB3",
"colorw": "#FEEFB3" 
},
{
 "id": "Bin.9.18",
"label": "Bin.9.18",
"size":       24,
"opacity":     0.52,
"fx": -353.6833,
"fy": 293.4343,
"fz":    308.5,
"origX": -0.062442,
"origY": 0.076351,
"origZ":   0.0617,
"seedArr": "notSeed",
"colorb": "#FEEEA7",
"colorw": "#FEEEA7" 
},
{
 "id": "Bin.9.14",
"label": "Bin.9.14",
"size":       24,
"opacity":     0.49,
"fx": -74.91667,
"fy": 422.2629,
"fz": -136.045,
"origX": -0.02899,
"origY": 0.098896,
"origZ": -0.027209,
"seedArr": "notSeed",
"colorb": "#FEEEAF",
"colorw": "#FEEEAF" 
},
{
 "id": "Bin.9.10",
"label": "Bin.9.10",
"size":       24,
"opacity":     0.75,
"fx": -479.7167,
"fy": 642.9714,
"fz":   107.62,
"origX": -0.077566,
"origY":  0.13752,
"origZ": 0.021524,
"seedArr": "notSeed",
"colorb": "#F3603B",
"colorw": "#F3603B" 
},
{
 "id": "Bin.9.06",
"label": "Bin.9.06",
"size":       24,
"opacity":     0.69,
"fx": -472.9417,
"fy": 581.9429,
"fz":    60.13,
"origX": -0.076753,
"origY":  0.12684,
"origZ": 0.012026,
"seedArr": "notSeed",
"colorb": "#F68757",
"colorw": "#F68757" 
},
{
 "id": "Bin.9.02",
"label": "Bin.9.02",
"size":       24,
"opacity":     0.72,
"fx": -606.5583,
"fy": 547.7714,
"fz":  122.115,
"origX": -0.092787,
"origY":  0.12086,
"origZ": 0.024423,
"seedArr": "notSeed",
"colorb": "#F47247",
"colorw": "#F47247" 
},
{
 "id": "Bin.8.98",
"label": "Bin.8.98",
"size":       24,
"opacity":     0.62,
"fx": -609.9667,
"fy": 101.8686,
"fz":  -443.54,
"origX": -0.093196,
"origY": 0.042827,
"origZ": -0.088708,
"seedArr": "notSeed",
"colorb": "#FAB87A",
"colorw": "#FAB87A" 
},
{
 "id": "Bin.8.94",
"label": "Bin.8.94",
"size":       24,
"opacity":     0.73,
"fx": -685.8333,
"fy": 489.4857,
"fz":    183.1,
"origX":  -0.1023,
"origY":  0.11066,
"origZ":  0.03662,
"seedArr": "notSeed",
"colorb": "#F46E45",
"colorw": "#F46E45" 
},
{
 "id": "Bin.8.90",
"label": "Bin.8.90",
"size":       24,
"opacity":     0.65,
"fx": -657.2917,
"fy": 320.6743,
"fz":  -263.17,
"origX": -0.098875,
"origY": 0.081118,
"origZ": -0.052634,
"seedArr": "notSeed",
"colorb": "#F8A26A",
"colorw": "#F8A26A" 
},
{
 "id": "Bin.8.86",
"label": "Bin.8.86",
"size":       24,
"opacity":      0.5,
"fx": -332.8167,
"fy":      317,
"fz":  -197.68,
"origX": -0.059938,
"origY": 0.080475,
"origZ": -0.039536,
"seedArr": "notSeed",
"colorb": "#FEEEAD",
"colorw": "#FEEEAD" 
},
{
 "id": "Bin.8.82",
"label": "Bin.8.82",
"size":       24,
"opacity":     0.51,
"fx": -214.625,
"fy": 442.9714,
"fz": -125.045,
"origX": -0.045755,
"origY":  0.10252,
"origZ": -0.025009,
"seedArr": "notSeed",
"colorb": "#FEEEA9",
"colorw": "#FEEEA9" 
},
{
 "id": "Bin.8.78",
"label": "Bin.8.78",
"size":       24,
"opacity":      0.5,
"fx": -721.6667,
"fy": -157.8006,
"fz":   -86.47,
"origX":  -0.1066,
"origY": -0.0026151,
"origZ": -0.017294,
"seedArr": "notSeed",
"colorb": "#FEEEAC",
"colorw": "#FEEEAC" 
},
{
 "id": "Bin.8.74",
"label": "Bin.8.74",
"size":       24,
"opacity":     0.47,
"fx": -473.525,
"fy": -129.4206,
"fz":   310.62,
"origX": -0.076823,
"origY": 0.0023514,
"origZ": 0.062124,
"seedArr": "notSeed",
"colorb": "#FDEFB5",
"colorw": "#FDEFB5" 
},
{
 "id": "Bin.8.70",
"label": "Bin.8.70",
"size":       24,
"opacity":     0.43,
"fx": -439.8083,
"fy": -173.9903,
"fz":  272.645,
"origX": -0.072777,
"origY": -0.0054483,
"origZ": 0.054529,
"seedArr": "notSeed",
"colorb": "#FDF0BF",
"colorw": "#FDF0BF" 
},
{
 "id": "Bin.8.66",
"label": "Bin.8.66",
"size":       24,
"opacity":     0.59,
"fx":  -920.75,
"fy": -133.1897,
"fz":  -33.077,
"origX": -0.13049,
"origY": 0.0016918,
"origZ": -0.0066154,
"seedArr": "notSeed",
"colorb": "#FCCF8A",
"colorw": "#FCCF8A" 
},
{
 "id": "Bin.8.62",
"label": "Bin.8.62",
"size":       24,
"opacity":     0.39,
"fx":   -452.7,
"fy": -145.0927,
"fz":  192.185,
"origX": -0.074324,
"origY": -0.00039122,
"origZ": 0.038437,
"seedArr": "notSeed",
"colorb": "#FDF2C9",
"colorw": "#FDF2C9" 
},
{
 "id": "Bin.8.58",
"label": "Bin.8.58",
"size":       24,
"opacity":     0.57,
"fx": -871.8333,
"fy":   -18.64,
"fz":  21.2205,
"origX": -0.12462,
"origY": 0.021738,
"origZ": 0.0042441,
"seedArr": "notSeed",
"colorb": "#FEE197",
"colorw": "#FEE197" 
},
{
 "id": "Bin.8.54",
"label": "Bin.8.54",
"size":       24,
"opacity":     0.59,
"fx": 102.3525,
"fy": 472.6857,
"fz": -361.325,
"origX": -0.0077177,
"origY":  0.10772,
"origZ": -0.072265,
"seedArr": "notSeed",
"colorb": "#FCD38D",
"colorw": "#FCD38D" 
},
{
 "id": "Bin.8.50",
"label": "Bin.8.50",
"size":       24,
"opacity":     0.53,
"fx":  -593.35,
"fy": 204.9543,
"fz":  -237.23,
"origX": -0.091202,
"origY": 0.060867,
"origZ": -0.047446,
"seedArr": "notSeed",
"colorb": "#FEEDA4",
"colorw": "#FEEDA4" 
},
{
 "id": "Bin.8.46",
"label": "Bin.8.46",
"size":       24,
"opacity":     0.45,
"fx": -449.8333,
"fy": 5.691429,
"fz":  -280.19,
"origX": -0.07398,
"origY": 0.025996,
"origZ": -0.056038,
"seedArr": "notSeed",
"colorb": "#FDF0B9",
"colorw": "#FDF0B9" 
},
{
 "id": "Bin.8.42",
"label": "Bin.8.42",
"size":       24,
"opacity":     0.52,
"fx":   -786.5,
"fy": -235.9314,
"fz": -22.8795,
"origX": -0.11438,
"origY": -0.016288,
"origZ": -0.0045759,
"seedArr": "notSeed",
"colorb": "#FEEEA8",
"colorw": "#FEEEA8" 
},
{
 "id": "Bin.8.38",
"label": "Bin.8.38",
"size":       24,
"opacity":     0.53,
"fx":  -775.75,
"fy": -274.4286,
"fz": -115.375,
"origX": -0.11309,
"origY": -0.023025,
"origZ": -0.023075,
"seedArr": "notSeed",
"colorb": "#FEEDA5",
"colorw": "#FEEDA5" 
},
{
 "id": "Bin.8.34",
"label": "Bin.8.34",
"size":       24,
"opacity":     0.54,
"fx": -705.8333,
"fy": -7.988571,
"fz":  -272.53,
"origX":  -0.1047,
"origY": 0.023602,
"origZ": -0.054506,
"seedArr": "notSeed",
"colorb": "#FEEDA2",
"colorw": "#FEEDA2" 
},
{
 "id": "Bin.8.30",
"label": "Bin.8.30",
"size":       24,
"opacity":     0.58,
"fx": -869.6667,
"fy": -117.8354,
"fz":  -170.28,
"origX": -0.12436,
"origY": 0.0043788,
"origZ": -0.034056,
"seedArr": "notSeed",
"colorb": "#FCD48E",
"colorw": "#FCD48E" 
},
{
 "id": "Bin.8.26",
"label": "Bin.8.26",
"size":       24,
"opacity":     0.59,
"fx":  -861.75,
"fy": -226.5714,
"fz":  -200.83,
"origX": -0.12341,
"origY": -0.01465,
"origZ": -0.040166,
"seedArr": "notSeed",
"colorb": "#FCD18C",
"colorw": "#FCD18C" 
},
{
 "id": "Bin.8.22",
"label": "Bin.8.22",
"size":       24,
"opacity":     0.66,
"fx": -533.2917,
"fy":  -230.12,
"fz":   -544.2,
"origX": -0.083995,
"origY": -0.015271,
"origZ": -0.10884,
"seedArr": "notSeed",
"colorb": "#F8A069",
"colorw": "#F8A069" 
},
{
 "id": "Bin.8.18",
"label": "Bin.8.18",
"size":       24,
"opacity":     0.37,
"fx": -149.925,
"fy": 82.08571,
"fz": -278.795,
"origX": -0.037991,
"origY": 0.039365,
"origZ": -0.055759,
"seedArr": "notSeed",
"colorb": "#FCF2CE",
"colorw": "#FCF2CE" 
},
{
 "id": "Bin.8.14",
"label": "Bin.8.14",
"size":       24,
"opacity":     0.53,
"fx": -807.9167,
"fy": -172.3143,
"fz":  -23.905,
"origX": -0.11695,
"origY": -0.005155,
"origZ": -0.004781,
"seedArr": "notSeed",
"colorb": "#FEEDA6",
"colorw": "#FEEDA6" 
},
{
 "id": "Bin.8.10",
"label": "Bin.8.10",
"size":       24,
"opacity":     0.49,
"fx": -477.1583,
"fy":    123.4,
"fz": -291.745,
"origX": -0.077259,
"origY": 0.046595,
"origZ": -0.058349,
"seedArr": "notSeed",
"colorb": "#FEEEAE",
"colorw": "#FEEEAE" 
},
{
 "id": "Bin.8.06",
"label": "Bin.8.06",
"size":       24,
"opacity":     0.52,
"fx": -552.7583,
"fy": 162.4114,
"fz": -288.435,
"origX": -0.086331,
"origY": 0.053422,
"origZ": -0.057687,
"seedArr": "notSeed",
"colorb": "#FEEDA6",
"colorw": "#FEEDA6" 
},
{
 "id": "Bin.8.02",
"label": "Bin.8.02",
"size":       24,
"opacity":     0.42,
"fx": -235.7583,
"fy": 215.3029,
"fz":  -218.31,
"origX": -0.048291,
"origY": 0.062678,
"origZ": -0.043662,
"seedArr": "notSeed",
"colorb": "#FDF1C0",
"colorw": "#FDF1C0" 
},
{
 "id": "Bin.7.98",
"label": "Bin.7.98",
"size":       24,
"opacity":     0.35,
"fx": -12.69167,
"fy": 169.4286,
"fz":   203.14,
"origX": -0.021523,
"origY":  0.05465,
"origZ": 0.040628,
"seedArr": "notSeed",
"colorb": "#FCF3D1",
"colorw": "#FCF3D1" 
},
{
 "id": "Bin.7.94",
"label": "Bin.7.94",
"size":       24,
"opacity":     0.37,
"fx": -115.525,
"fy":   215.28,
"fz": -187.255,
"origX": -0.033863,
"origY": 0.062674,
"origZ": -0.037451,
"seedArr": "notSeed",
"colorb": "#FCF2CC",
"colorw": "#FCF2CC" 
},
{
 "id": "Bin.7.90",
"label": "Bin.7.90",
"size":       24,
"opacity":     0.31,
"fx": -183.0583,
"fy": -232.8171,
"fz":  114.855,
"origX": -0.041967,
"origY": -0.015743,
"origZ": 0.022971,
"seedArr": "notSeed",
"colorb": "#FCF4DC",
"colorw": "#FCF4DC" 
},
{
 "id": "Bin.7.86",
"label": "Bin.7.86",
"size":       24,
"opacity":     0.62,
"fx": 850.8417,
"fy": 470.2286,
"fz":   23.784,
"origX": 0.082101,
"origY":  0.10729,
"origZ": 0.0047568,
"seedArr": "notSeed",
"colorb": "#FABA7B",
"colorw": "#FABA7B" 
},
{
 "id": "Bin.7.82",
"label": "Bin.7.82",
"size":       24,
"opacity":     0.64,
"fx": 843.8417,
"fy": 483.8857,
"fz":    57.72,
"origX": 0.081261,
"origY":  0.10968,
"origZ": 0.011544,
"seedArr": "notSeed",
"colorb": "#F9A96F",
"colorw": "#F9A96F" 
},
{
 "id": "Bin.7.78",
"label": "Bin.7.78",
"size":       24,
"opacity":     0.47,
"fx": -605.2833,
"fy": 63.35429,
"fz":  30.0805,
"origX": -0.092634,
"origY": 0.036087,
"origZ": 0.0060161,
"seedArr": "notSeed",
"colorb": "#FEEFB3",
"colorw": "#FEEFB3" 
},
{
 "id": "Bin.7.74",
"label": "Bin.7.74",
"size":       24,
"opacity":     0.39,
"fx": -422.875,
"fy": 89.21143,
"fz":  -117.69,
"origX": -0.070745,
"origY": 0.040612,
"origZ": -0.023538,
"seedArr": "notSeed",
"colorb": "#FDF2C7",
"colorw": "#FDF2C7" 
},
{
 "id": "Bin.7.70",
"label": "Bin.7.70",
"size":       24,
"opacity":     0.43,
"fx": -234.775,
"fy": 272.4114,
"fz":  -157.02,
"origX": -0.048173,
"origY": 0.072672,
"origZ": -0.031404,
"seedArr": "notSeed",
"colorb": "#FDF0BE",
"colorw": "#FDF0BE" 
},
{
 "id": "Bin.7.66",
"label": "Bin.7.66",
"size":       24,
"opacity":     0.64,
"fx": 842.1417,
"fy": 479.7143,
"fz":   69.625,
"origX": 0.081057,
"origY":  0.10895,
"origZ": 0.013925,
"seedArr": "notSeed",
"colorb": "#F9AD72",
"colorw": "#F9AD72" 
},
{
 "id": "Bin.7.62",
"label": "Bin.7.62",
"size":       24,
"opacity":     0.61,
"fx":   581.35,
"fy":    553.6,
"fz":   43.274,
"origX": 0.049762,
"origY":  0.12188,
"origZ": 0.0086548,
"seedArr": "notSeed",
"colorb": "#FBC281",
"colorw": "#FBC281" 
},
{
 "id": "Bin.7.58",
"label": "Bin.7.58",
"size":       24,
"opacity":     0.67,
"fx": 624.4417,
"fy": 598.9714,
"fz":    81.23,
"origX": 0.054933,
"origY":  0.12982,
"origZ": 0.016246,
"seedArr": "notSeed",
"colorb": "#F79964",
"colorw": "#F79964" 
},
{
 "id": "Bin.7.54",
"label": "Bin.7.54",
"size":       24,
"opacity":     0.66,
"fx":    788.4,
"fy": 524.9143,
"fz":   30.126,
"origX": 0.074608,
"origY":  0.11686,
"origZ": 0.0060252,
"seedArr": "notSeed",
"colorb": "#F89F68",
"colorw": "#F89F68" 
},
{
 "id": "Bin.7.50",
"label": "Bin.7.50",
"size":       24,
"opacity":     0.55,
"fx": -274.625,
"fy": 471.8286,
"fz":  115.795,
"origX": -0.052955,
"origY":  0.10757,
"origZ": 0.023159,
"seedArr": "notSeed",
"colorb": "#FEEC9F",
"colorw": "#FEEC9F" 
},
{
 "id": "Bin.7.46",
"label": "Bin.7.46",
"size":       24,
"opacity":      0.6,
"fx": -515.475,
"fy": 123.9371,
"fz":   461.04,
"origX": -0.081857,
"origY": 0.046689,
"origZ": 0.092208,
"seedArr": "notSeed",
"colorb": "#FBC684",
"colorw": "#FBC684" 
},
{
 "id": "Bin.7.42",
"label": "Bin.7.42",
"size":       24,
"opacity":     0.63,
"fx": 30.39167,
"fy":    15.12,
"fz":      659,
"origX": -0.016353,
"origY": 0.027646,
"origZ":   0.1318,
"seedArr": "notSeed",
"colorb": "#FAB477",
"colorw": "#FAB477" 
},
{
 "id": "Bin.7.38",
"label": "Bin.7.38",
"size":       24,
"opacity":     0.54,
"fx":  -15.825,
"fy": 77.98286,
"fz":    558.3,
"origX": -0.021899,
"origY": 0.038647,
"origZ":  0.11166,
"seedArr": "notSeed",
"colorb": "#FEEDA3",
"colorw": "#FEEDA3" 
},
{
 "id": "Bin.7.34",
"label": "Bin.7.34",
"size":       24,
"opacity":     0.67,
"fx":      5.8,
"fy": 29.81714,
"fz":    695.6,
"origX": -0.019304,
"origY": 0.030218,
"origZ":  0.13912,
"seedArr": "notSeed",
"colorb": "#F79661",
"colorw": "#F79661" 
},
{
 "id": "Bin.7.30",
"label": "Bin.7.30",
"size":       24,
"opacity":     0.57,
"fx": 320.2083,
"fy": 509.4286,
"fz":  261.785,
"origX": 0.018425,
"origY":  0.11415,
"origZ": 0.052357,
"seedArr": "notSeed",
"colorb": "#FDDC93",
"colorw": "#FDDC93" 
},
{
 "id": "Bin.7.26",
"label": "Bin.7.26",
"size":       24,
"opacity":     0.57,
"fx":     46.7,
"fy": 326.3543,
"fz":  477.305,
"origX": -0.014396,
"origY": 0.082112,
"origZ": 0.095461,
"seedArr": "notSeed",
"colorb": "#FDDF96",
"colorw": "#FDDF96" 
},
{
 "id": "Bin.7.22",
"label": "Bin.7.22",
"size":       24,
"opacity":     0.58,
"fx": 376.4667,
"fy": 402.8514,
"fz":   407.44,
"origX": 0.025176,
"origY": 0.095499,
"origZ": 0.081488,
"seedArr": "notSeed",
"colorb": "#FDD891",
"colorw": "#FDD891" 
},
{
 "id": "Bin.7.18",
"label": "Bin.7.18",
"size":       24,
"opacity":     0.36,
"fx": -16.86667,
"fy": 269.3657,
"fz":  32.1455,
"origX": -0.022024,
"origY": 0.072139,
"origZ": 0.0064291,
"seedArr": "notSeed",
"colorb": "#FCF3CF",
"colorw": "#FCF3CF" 
},
{
 "id": "Bin.7.14",
"label": "Bin.7.14",
"size":       24,
"opacity":     0.42,
"fx": -155.8583,
"fy": 254.8229,
"fz": -209.855,
"origX": -0.038703,
"origY": 0.069594,
"origZ": -0.041971,
"seedArr": "notSeed",
"colorb": "#FDF1C1",
"colorw": "#FDF1C1" 
},
{
 "id": "Bin.7.10",
"label": "Bin.7.10",
"size":       24,
"opacity":     0.38,
"fx": -66.28333,
"fy": 10.60571,
"fz":  -363.67,
"origX": -0.027954,
"origY": 0.026856,
"origZ": -0.072734,
"seedArr": "notSeed",
"colorb": "#FCF2CA",
"colorw": "#FCF2CA" 
},
{
 "id": "Bin.7.06",
"label": "Bin.7.06",
"size":       24,
"opacity":     0.42,
"fx": -315.8917,
"fy": -86.39543,
"fz":  345.015,
"origX": -0.057907,
"origY": 0.0098808,
"origZ": 0.069003,
"seedArr": "notSeed",
"colorb": "#FDF1BF",
"colorw": "#FDF1BF" 
},
{
 "id": "Bin.7.02",
"label": "Bin.7.02",
"size":       24,
"opacity":     0.48,
"fx": -552.0667,
"fy": 72.62286,
"fz":  242.165,
"origX": -0.086248,
"origY": 0.037709,
"origZ": 0.048433,
"seedArr": "notSeed",
"colorb": "#FEEFB0",
"colorw": "#FEEFB0" 
},
{
 "id": "Bin.6.98",
"label": "Bin.6.98",
"size":       24,
"opacity":     0.61,
"fx": -249.3333,
"fy": 300.2057,
"fz":  478.025,
"origX": -0.04992,
"origY": 0.077536,
"origZ": 0.095605,
"seedArr": "notSeed",
"colorb": "#FBC180",
"colorw": "#FBC180" 
},
{
 "id": "Bin.6.94",
"label": "Bin.6.94",
"size":       24,
"opacity":     0.77,
"fx": -350.3333,
"fy": 633.2571,
"fz":   310.57,
"origX": -0.06204,
"origY":  0.13582,
"origZ": 0.062114,
"seedArr": "notSeed",
"colorb": "#F15230",
"colorw": "#F15230" 
},
{
 "id": "Bin.6.90",
"label": "Bin.6.90",
"size":       24,
"opacity":     0.58,
"fx": -441.6583,
"fy": 416.0914,
"fz":  175.155,
"origX": -0.072999,
"origY": 0.097816,
"origZ": 0.035031,
"seedArr": "notSeed",
"colorb": "#FDDA92",
"colorw": "#FDDA92" 
},
{
 "id": "Bin.6.86",
"label": "Bin.6.86",
"size":       24,
"opacity":      0.6,
"fx": -353.5917,
"fy": 516.6286,
"fz": -22.8455,
"origX": -0.062431,
"origY":  0.11541,
"origZ": -0.0045691,
"seedArr": "notSeed",
"colorb": "#FCCB88",
"colorw": "#FCCB88" 
},
{
 "id": "Bin.6.82",
"label": "Bin.6.82",
"size":       24,
"opacity":      0.5,
"fx": -702.5833,
"fy": -20.70286,
"fz":   -92.06,
"origX": -0.10431,
"origY": 0.021377,
"origZ": -0.018412,
"seedArr": "notSeed",
"colorb": "#FEEEAC",
"colorw": "#FEEEAC" 
},
{
 "id": "Bin.6.78",
"label": "Bin.6.78",
"size":       24,
"opacity":     0.76,
"fx": -405.075,
"fy": 659.7714,
"fz":    189.7,
"origX": -0.068609,
"origY":  0.14046,
"origZ":  0.03794,
"seedArr": "notSeed",
"colorb": "#F25734",
"colorw": "#F25734" 
},
{
 "id": "Bin.6.74",
"label": "Bin.6.74",
"size":       24,
"opacity":     0.76,
"fx": -447.5583,
"fy": 645.7143,
"fz":  196.145,
"origX": -0.073707,
"origY":    0.138,
"origZ": 0.039229,
"seedArr": "notSeed",
"colorb": "#F25432",
"colorw": "#F25432" 
},
{
 "id": "Bin.6.70",
"label": "Bin.6.70",
"size":       24,
"opacity":     0.74,
"fx": -426.1083,
"fy": 650.8571,
"fz":  151.035,
"origX": -0.071133,
"origY":   0.1389,
"origZ": 0.030207,
"seedArr": "notSeed",
"colorb": "#F3623C",
"colorw": "#F3623C" 
},
{
 "id": "Bin.6.66",
"label": "Bin.6.66",
"size":       24,
"opacity":     0.77,
"fx": -327.075,
"fy": 711.7714,
"fz":   142.33,
"origX": -0.059249,
"origY":  0.14956,
"origZ": 0.028466,
"seedArr": "notSeed",
"colorb": "#F1502F",
"colorw": "#F1502F" 
},
{
 "id": "Bin.6.62",
"label": "Bin.6.62",
"size":       24,
"opacity":     0.69,
"fx": -122.7917,
"fy": 686.9143,
"fz":    64.65,
"origX": -0.034735,
"origY":  0.14521,
"origZ":  0.01293,
"seedArr": "notSeed",
"colorb": "#F68656",
"colorw": "#F68656" 
},
{
 "id": "Bin.6.58",
"label": "Bin.6.58",
"size":       24,
"opacity":     0.68,
"fx":  -87.575,
"fy": 669.8857,
"fz":   91.905,
"origX": -0.030509,
"origY":  0.14223,
"origZ": 0.018381,
"seedArr": "notSeed",
"colorb": "#F78F5C",
"colorw": "#F78F5C" 
},
{
 "id": "Bin.6.54",
"label": "Bin.6.54",
"size":       24,
"opacity":     0.68,
"fx": -57.03333,
"fy": 642.9143,
"fz":  176.705,
"origX": -0.026844,
"origY":  0.13751,
"origZ": 0.035341,
"seedArr": "notSeed",
"colorb": "#F7925F",
"colorw": "#F7925F" 
},
{
 "id": "Bin.6.50",
"label": "Bin.6.50",
"size":       24,
"opacity":     0.33,
"fx":  536.975,
"fy": 101.9943,
"fz":   15.405,
"origX": 0.044437,
"origY": 0.042849,
"origZ": 0.003081,
"seedArr": "notSeed",
"colorb": "#FCF4D8",
"colorw": "#FCF4D8" 
},
{
 "id": "Bin.6.46",
"label": "Bin.6.46",
"size":       24,
"opacity":     0.32,
"fx": 491.0833,
"fy": 73.14286,
"fz":  42.4625,
"origX":  0.03893,
"origY":   0.0378,
"origZ": 0.0084925,
"seedArr": "notSeed",
"colorb": "#FCF4DB",
"colorw": "#FCF4DB" 
},
{
 "id": "Bin.6.42",
"label": "Bin.6.42",
"size":       24,
"opacity":     0.64,
"fx": 114.3892,
"fy": 605.4857,
"fz":   187.33,
"origX": -0.0062733,
"origY":  0.13096,
"origZ": 0.037466,
"seedArr": "notSeed",
"colorb": "#F9AF73",
"colorw": "#F9AF73" 
},
{
 "id": "Bin.6.38",
"label": "Bin.6.38",
"size":       24,
"opacity":     0.34,
"fx":  575.575,
"fy": 102.0114,
"fz":    9.138,
"origX": 0.049069,
"origY": 0.042852,
"origZ": 0.0018276,
"seedArr": "notSeed",
"colorb": "#FCF3D5",
"colorw": "#FCF3D5" 
},
{
 "id": "Bin.6.34",
"label": "Bin.6.34",
"size":       24,
"opacity":     0.64,
"fx": 111.8017,
"fy":      598,
"fz":  212.965,
"origX": -0.0065838,
"origY":  0.12965,
"origZ": 0.042593,
"seedArr": "notSeed",
"colorb": "#F9AB71",
"colorw": "#F9AB71" 
},
{
 "id": "Bin.6.30",
"label": "Bin.6.30",
"size":       24,
"opacity":     0.35,
"fx":   598.75,
"fy": 113.8114,
"fz":   11.515,
"origX":  0.05185,
"origY": 0.044917,
"origZ": 0.002303,
"seedArr": "notSeed",
"colorb": "#FCF3D2",
"colorw": "#FCF3D2" 
},
{
 "id": "Bin.4.38",
"label": "Bin.4.38",
"size":       24,
"opacity":     0.32,
"fx": 618.4833,
"fy": -253.6686,
"fz":  -83.245,
"origX": 0.054218,
"origY": -0.019392,
"origZ": -0.016649,
"seedArr": "notSeed",
"colorb": "#FCF4D9",
"colorw": "#FCF4D9" 
},
{
 "id": "Bin.4.34",
"label": "Bin.4.34",
"size":       24,
"opacity":     0.43,
"fx":  -15.775,
"fy": -542.4286,
"fz":   285.53,
"origX": -0.021893,
"origY": -0.069925,
"origZ": 0.057106,
"seedArr": "notSeed",
"colorb": "#FDF0BD",
"colorw": "#FDF0BD" 
},
{
 "id": "Bin.4.30",
"label": "Bin.4.30",
"size":       24,
"opacity":     0.37,
"fx": -243.975,
"fy": -395.5943,
"fz":   222.27,
"origX": -0.049277,
"origY": -0.044229,
"origZ": 0.044454,
"seedArr": "notSeed",
"colorb": "#FCF2CD",
"colorw": "#FCF2CD" 
},
{
 "id": "Bin.4.26",
"label": "Bin.4.26",
"size":       24,
"opacity":     0.56,
"fx": -555.8417,
"fy": -344.7143,
"fz":  412.585,
"origX": -0.086701,
"origY": -0.035325,
"origZ": 0.082517,
"seedArr": "notSeed",
"colorb": "#FEE49A",
"colorw": "#FEE49A" 
},
{
 "id": "Bin.4.22",
"label": "Bin.4.22",
"size":       24,
"opacity":     0.49,
"fx": -246.5417,
"fy":  -498.64,
"fz":    363.2,
"origX": -0.049585,
"origY": -0.062262,
"origZ":  0.07264,
"seedArr": "notSeed",
"colorb": "#FEEEAE",
"colorw": "#FEEEAE" 
},
{
 "id": "Bin.4.18",
"label": "Bin.4.18",
"size":       24,
"opacity":     0.73,
"fx": -152.5083,
"fy": -293.3829,
"fz":    741.3,
"origX": -0.038301,
"origY": -0.026342,
"origZ":  0.14826,
"seedArr": "notSeed",
"colorb": "#F46D44",
"colorw": "#F46D44" 
},
{
 "id": "Bin.4.14",
"label": "Bin.4.14",
"size":       24,
"opacity":     0.57,
"fx": -283.225,
"fy": -533.1086,
"fz":  461.405,
"origX": -0.053987,
"origY": -0.068294,
"origZ": 0.092281,
"seedArr": "notSeed",
"colorb": "#FDDD95",
"colorw": "#FDDD95" 
},
{
 "id": "Bin.4.10",
"label": "Bin.4.10",
"size":       24,
"opacity":     0.36,
"fx": -48.29167,
"fy": -560.5943,
"fz":  43.9485,
"origX": -0.025795,
"origY": -0.073104,
"origZ": 0.0087897,
"seedArr": "notSeed",
"colorb": "#FCF2CF",
"colorw": "#FCF2CF" 
},
{
 "id": "Bin.4.06",
"label": "Bin.4.06",
"size":       24,
"opacity":     0.76,
"fx": 611.6167,
"fy": 167.2114,
"fz":  -710.75,
"origX": 0.053394,
"origY": 0.054262,
"origZ": -0.14215,
"seedArr": "notSeed",
"colorb": "#F25533",
"colorw": "#F25533" 
},
{
 "id": "Bin.4.02",
"label": "Bin.4.02",
"size":       24,
"opacity":     0.41,
"fx":   135.95,
"fy": -330.2171,
"fz":  -404.45,
"origX": -0.003686,
"origY": -0.032788,
"origZ": -0.08089,
"seedArr": "notSeed",
"colorb": "#FDF1C3",
"colorw": "#FDF1C3" 
},
{
 "id": "Bin.4.04",
"label": "Bin.4.04",
"size":       24,
"opacity":     0.77,
"fx": 588.7417,
"fy": 115.5714,
"fz":   -749.3,
"origX": 0.050649,
"origY": 0.045225,
"origZ": -0.14986,
"seedArr": "notSeed",
"colorb": "#F14E2E",
"colorw": "#F14E2E" 
},
{
 "id": "Bin.3.98",
"label": "Bin.3.98",
"size":       24,
"opacity":     0.54,
"fx":   939.35,
"fy": 278.2629,
"fz": -127.935,
"origX": 0.092722,
"origY": 0.073696,
"origZ": -0.025587,
"seedArr": "notSeed",
"colorb": "#FEEDA1",
"colorw": "#FEEDA1" 
},
{
 "id": "Bin.3.94",
"label": "Bin.3.94",
"size":       24,
"opacity":     0.33,
"fx": 412.8917,
"fy": -231.0571,
"fz":  262.305,
"origX": 0.029547,
"origY": -0.015435,
"origZ": 0.052461,
"seedArr": "notSeed",
"colorb": "#FCF3D6",
"colorw": "#FCF3D6" 
},
{
 "id": "Bin.3.90",
"label": "Bin.3.90",
"size":       24,
"opacity":     0.79,
"fx":   -141.8,
"fy": -684.7314,
"fz":    686.6,
"origX": -0.037016,
"origY": -0.094828,
"origZ":  0.13732,
"seedArr": "notSeed",
"colorb": "#F04326",
"colorw": "#F04326" 
},
{
 "id": "Bin.3.86",
"label": "Bin.3.86",
"size":       24,
"opacity":     0.72,
"fx": -138.5083,
"fy": -759.2571,
"fz":   520.85,
"origX": -0.036621,
"origY": -0.10787,
"origZ":  0.10417,
"seedArr": "notSeed",
"colorb": "#F47046",
"colorw": "#F47046" 
},
{
 "id": "Bin.3.82",
"label": "Bin.3.82",
"size":       24,
"opacity":     0.62,
"fx":   208.41,
"fy": -592.3771,
"fz":   546.05,
"origX": 0.0050092,
"origY": -0.078666,
"origZ":  0.10921,
"seedArr": "notSeed",
"colorb": "#FBBD7D",
"colorw": "#FBBD7D" 
},
{
 "id": "Bin.3.78",
"label": "Bin.3.78",
"size":       24,
"opacity":     0.55,
"fx": 48.95833,
"fy": -550.3429,
"fz":  489.055,
"origX": -0.014125,
"origY": -0.07131,
"origZ": 0.097811,
"seedArr": "notSeed",
"colorb": "#FEEDA0",
"colorw": "#FEEDA0" 
},
{
 "id": "Bin.3.74",
"label": "Bin.3.74",
"size":       24,
"opacity":     0.72,
"fx":  -322.95,
"fy":  -610.44,
"fz":   579.25,
"origX": -0.058754,
"origY": -0.081827,
"origZ":  0.11585,
"seedArr": "notSeed",
"colorb": "#F47449",
"colorw": "#F47449" 
},
{
 "id": "Bin.3.70",
"label": "Bin.3.70",
"size":       24,
"opacity":      0.8,
"fx": -120.525,
"fy": -619.7543,
"fz":    845.8,
"origX": -0.034463,
"origY": -0.083457,
"origZ":  0.16916,
"seedArr": "notSeed",
"colorb": "#F03B20",
"colorw": "#F03B20" 
},
{
 "id": "Bin.3.66",
"label": "Bin.3.66",
"size":       24,
"opacity":     0.45,
"fx":     20.9,
"fy": -198.6857,
"fz":   469.18,
"origX": -0.017492,
"origY": -0.00977,
"origZ": 0.093836,
"seedArr": "notSeed",
"colorb": "#FDF0B9",
"colorw": "#FDF0B9" 
},
{
 "id": "Bin.3.62",
"label": "Bin.3.62",
"size":       24,
"opacity":     0.61,
"fx": 24.63333,
"fy": -249.8286,
"fz":   659.65,
"origX": -0.017044,
"origY": -0.01872,
"origZ":  0.13193,
"seedArr": "notSeed",
"colorb": "#FBBF7F",
"colorw": "#FBBF7F" 
},
{
 "id": "Bin.3.58",
"label": "Bin.3.58",
"size":       24,
"opacity":     0.31,
"fx": 545.8583,
"fy": -210.1714,
"fz": -116.505,
"origX": 0.045503,
"origY": -0.01178,
"origZ": -0.023301,
"seedArr": "notSeed",
"colorb": "#FCF4DB",
"colorw": "#FCF4DB" 
},
{
 "id": "Bin.3.54",
"label": "Bin.3.54",
"size":       24,
"opacity":     0.79,
"fx": -68.91667,
"fy": -569.3657,
"fz":   768.55,
"origX": -0.02827,
"origY": -0.074639,
"origZ":  0.15371,
"seedArr": "notSeed",
"colorb": "#F04225",
"colorw": "#F04225" 
},
{
 "id": "Bin.3.50",
"label": "Bin.3.50",
"size":       24,
"opacity":     0.79,
"fx": -56.61667,
"fy": -675.3429,
"fz":   740.95,
"origX": -0.026794,
"origY": -0.093185,
"origZ":  0.14819,
"seedArr": "notSeed",
"colorb": "#F04023",
"colorw": "#F04023" 
},
{
 "id": "Bin.3.46",
"label": "Bin.3.46",
"size":       24,
"opacity":     0.78,
"fx":   93.135,
"fy": -659.5486,
"fz":   716.65,
"origX": -0.0088238,
"origY": -0.090421,
"origZ":  0.14333,
"seedArr": "notSeed",
"colorb": "#F04527",
"colorw": "#F04527" 
},
{
 "id": "Bin.3.42",
"label": "Bin.3.42",
"size":       24,
"opacity":     0.56,
"fx":   153.86,
"fy": -569.8457,
"fz":   495.84,
"origX": -0.0015368,
"origY": -0.074723,
"origZ": 0.099168,
"seedArr": "notSeed",
"colorb": "#FEE69B",
"colorw": "#FEE69B" 
},
{
 "id": "Bin.3.38",
"label": "Bin.3.38",
"size":       24,
"opacity":     0.71,
"fx": -40.03333,
"fy": -721.5429,
"fz":    554.2,
"origX": -0.024804,
"origY": -0.10127,
"origZ":  0.11084,
"seedArr": "notSeed",
"colorb": "#F57D4F",
"colorw": "#F57D4F" 
},
{
 "id": "Bin.3.34",
"label": "Bin.3.34",
"size":       24,
"opacity":     0.32,
"fx": 543.7667,
"fy": -150.6914,
"fz":  -199.73,
"origX": 0.045252,
"origY": -0.001371,
"origZ": -0.039946,
"seedArr": "notSeed",
"colorb": "#FCF4D9",
"colorw": "#FCF4D9" 
},
{
 "id": "Bin.3.30",
"label": "Bin.3.30",
"size":       24,
"opacity":     0.33,
"fx": 157.4833,
"fy": 12.79429,
"fz":  -278.84,
"origX": -0.001102,
"origY": 0.027239,
"origZ": -0.055768,
"seedArr": "notSeed",
"colorb": "#FCF4D7",
"colorw": "#FCF4D7" 
},
{
 "id": "Bin.3.26",
"label": "Bin.3.26",
"size":       24,
"opacity":     0.31,
"fx": 257.9583,
"fy": -46.44571,
"fz":  226.685,
"origX": 0.010955,
"origY": 0.016872,
"origZ": 0.045337,
"seedArr": "notSeed",
"colorb": "#FCF4DD",
"colorw": "#FCF4DD" 
},
{
 "id": "Bin.3.22",
"label": "Bin.3.22",
"size":       24,
"opacity":     0.37,
"fx":   139.04,
"fy": -547.4286,
"fz":  168.265,
"origX": -0.0033152,
"origY":  -0.0708,
"origZ": 0.033653,
"seedArr": "notSeed",
"colorb": "#FCF2CD",
"colorw": "#FCF2CD" 
},
{
 "id": "Bin.3.18",
"label": "Bin.3.18",
"size":       24,
"opacity":     0.44,
"fx": 762.3167,
"fy": -331.4514,
"fz":  -253.69,
"origX": 0.071478,
"origY": -0.033004,
"origZ": -0.050738,
"seedArr": "notSeed",
"colorb": "#FDF0BC",
"colorw": "#FDF0BC" 
},
{
 "id": "Bin.3.14",
"label": "Bin.3.14",
"size":       24,
"opacity":     0.78,
"fx":    707.5,
"fy": 15.85143,
"fz":   -755.8,
"origX":   0.0649,
"origY": 0.027774,
"origZ": -0.15116,
"seedArr": "notSeed",
"colorb": "#F14729",
"colorw": "#F14729" 
},
{
 "id": "Bin.3.10",
"label": "Bin.3.10",
"size":       24,
"opacity":     0.35,
"fx": -97.29167,
"fy": -320.8057,
"fz":  -271.64,
"origX": -0.031675,
"origY": -0.031141,
"origZ": -0.054328,
"seedArr": "notSeed",
"colorb": "#FCF3D2",
"colorw": "#FCF3D2" 
},
{
 "id": "Bin.3.06",
"label": "Bin.3.06",
"size":       24,
"opacity":      0.8,
"fx": 455.6083,
"fy": 220.0286,
"fz":  -844.65,
"origX": 0.034673,
"origY": 0.063505,
"origZ": -0.16893,
"seedArr": "notSeed",
"colorb": "#F03C21",
"colorw": "#F03C21" 
},
{
 "id": "Bin.3.02",
"label": "Bin.3.02",
"size":       24,
"opacity":      0.3,
"fx": 429.9667,
"fy": -59.51429,
"fz":   -81.55,
"origX": 0.031596,
"origY": 0.014585,
"origZ": -0.01631,
"seedArr": "notSeed",
"colorb": "#FCF4DE",
"colorw": "#FCF4DE" 
},
{
 "id": "Bin.3.04",
"label": "Bin.3.04",
"size":       24,
"opacity":     0.79,
"fx":   511.25,
"fy": 237.0114,
"fz":  -826.95,
"origX":  0.04135,
"origY": 0.066477,
"origZ": -0.16539,
"seedArr": "notSeed",
"colorb": "#F03E22",
"colorw": "#F03E22" 
},
{
 "id": "Bin.2.98",
"label": "Bin.2.98",
"size":       24,
"opacity":     0.74,
"fx": -296.0167,
"fy": -459.9486,
"fz":  -677.35,
"origX": -0.055522,
"origY": -0.055491,
"origZ": -0.13547,
"seedArr": "notSeed",
"colorb": "#F3653E",
"colorw": "#F3653E" 
},
{
 "id": "Bin.2.94",
"label": "Bin.2.94",
"size":       24,
"opacity":     0.67,
"fx":    79.05,
"fy": -406.2971,
"fz":  -678.35,
"origX": -0.010514,
"origY": -0.046102,
"origZ": -0.13567,
"seedArr": "notSeed",
"colorb": "#F79460",
"colorw": "#F79460" 
},
{
 "id": "Bin.2.90",
"label": "Bin.2.90",
"size":       24,
"opacity":     0.34,
"fx": 265.6917,
"fy": -290.1657,
"fz":   -287.9,
"origX": 0.011883,
"origY": -0.025779,
"origZ": -0.05758,
"seedArr": "notSeed",
"colorb": "#FCF3D6",
"colorw": "#FCF3D6" 
},
{
 "id": "Bin.2.86",
"label": "Bin.2.86",
"size":       24,
"opacity":     0.34,
"fx": -38.64167,
"fy":  -476.76,
"fz":   -116.6,
"origX": -0.024637,
"origY": -0.058433,
"origZ": -0.02332,
"seedArr": "notSeed",
"colorb": "#FCF3D4",
"colorw": "#FCF3D4" 
},
{
 "id": "Bin.2.82",
"label": "Bin.2.82",
"size":       24,
"opacity":     0.41,
"fx": 127.0275,
"fy":  -393.08,
"fz":  -377.65,
"origX": -0.0047567,
"origY": -0.043789,
"origZ": -0.07553,
"seedArr": "notSeed",
"colorb": "#FDF1C3",
"colorw": "#FDF1C3" 
},
{
 "id": "Bin.2.78",
"label": "Bin.2.78",
"size":       24,
"opacity":     0.52,
"fx":    -86.2,
"fy": -349.2686,
"fz":   -532.1,
"origX": -0.030344,
"origY": -0.036122,
"origZ": -0.10642,
"seedArr": "notSeed",
"colorb": "#FEEDA7",
"colorw": "#FEEDA7" 
},
{
 "id": "Bin.2.74",
"label": "Bin.2.74",
"size":       24,
"opacity":     0.51,
"fx":    207.3,
"fy":   103.36,
"fz":  -519.35,
"origX": 0.004876,
"origY": 0.043088,
"origZ": -0.10387,
"seedArr": "notSeed",
"colorb": "#FEEEAB",
"colorw": "#FEEEAB" 
},
{
 "id": "Bin.2.70",
"label": "Bin.2.70",
"size":       24,
"opacity":     0.53,
"fx": 911.2833,
"fy": 152.8571,
"fz":  -286.04,
"origX": 0.089354,
"origY":  0.05175,
"origZ": -0.057208,
"seedArr": "notSeed",
"colorb": "#FEEDA4",
"colorw": "#FEEDA4" 
},
{
 "id": "Bin.2.66",
"label": "Bin.2.66",
"size":       24,
"opacity":     0.58,
"fx": 834.1083,
"fy": -6.805714,
"fz":  -487.99,
"origX": 0.080093,
"origY": 0.023809,
"origZ": -0.097598,
"seedArr": "notSeed",
"colorb": "#FDD68F",
"colorw": "#FDD68F" 
},
{
 "id": "Bin.2.62",
"label": "Bin.2.62",
"size":       24,
"opacity":     0.55,
"fx":    497.9,
"fy": -145.6715,
"fz":  -576.45,
"origX": 0.039748,
"origY": -0.00049252,
"origZ": -0.11529,
"seedArr": "notSeed",
"colorb": "#FEEDA0",
"colorw": "#FEEDA0" 
},
{
 "id": "Bin.2.58",
"label": "Bin.2.58",
"size":       24,
"opacity":     0.51,
"fx": 557.8083,
"fy": 147.1257,
"fz": -454.425,
"origX": 0.046937,
"origY": 0.050747,
"origZ": -0.090885,
"seedArr": "notSeed",
"colorb": "#FEEEA9",
"colorw": "#FEEEA9" 
},
{
 "id": "Bin.2.54",
"label": "Bin.2.54",
"size":       24,
"opacity":     0.61,
"fx": 943.6083,
"fy": 103.2571,
"fz": -413.625,
"origX": 0.093233,
"origY":  0.04307,
"origZ": -0.082725,
"seedArr": "notSeed",
"colorb": "#FBC483",
"colorw": "#FBC483" 
},
{
 "id": "Bin.2.50",
"label": "Bin.2.50",
"size":       24,
"opacity":     0.63,
"fx":  385.575,
"fy": -149.6926,
"fz":  -668.75,
"origX": 0.026269,
"origY": -0.0011962,
"origZ": -0.13375,
"seedArr": "notSeed",
"colorb": "#F9B174",
"colorw": "#F9B174" 
},
{
 "id": "Bin.2.46",
"label": "Bin.2.46",
"size":       24,
"opacity":      0.4,
"fx":   489.55,
"fy": -332.6457,
"fz":  -343.07,
"origX": 0.038746,
"origY": -0.033213,
"origZ": -0.068614,
"seedArr": "notSeed",
"colorb": "#FDF1C6",
"colorw": "#FDF1C6" 
},
{
 "id": "Bin.2.42",
"label": "Bin.2.42",
"size":       24,
"opacity":      0.4,
"fx": 201.6333,
"fy": -545.0229,
"fz":   251.17,
"origX": 0.004196,
"origY": -0.070379,
"origZ": 0.050234,
"seedArr": "notSeed",
"colorb": "#FDF1C5",
"colorw": "#FDF1C5" 
},
{
 "id": "Bin.2.38",
"label": "Bin.2.38",
"size":       24,
"opacity":     0.45,
"fx":   -204.5,
"fy": -626.4343,
"fz":   74.025,
"origX": -0.04454,
"origY": -0.084626,
"origZ": 0.014805,
"seedArr": "notSeed",
"colorb": "#FDF0B8",
"colorw": "#FDF0B8" 
},
{
 "id": "Bin.2.34",
"label": "Bin.2.34",
"size":       24,
"opacity":     0.46,
"fx": 316.6417,
"fy": 193.3714,
"fz":  382.805,
"origX": 0.017997,
"origY":  0.05884,
"origZ": 0.076561,
"seedArr": "notSeed",
"colorb": "#FDEFB5",
"colorw": "#FDEFB5" 
},
{
 "id": "Bin.2.30",
"label": "Bin.2.30",
"size":       24,
"opacity":     0.62,
"fx": -486.4333,
"fy": -574.2514,
"fz":  400.255,
"origX": -0.078372,
"origY": -0.075494,
"origZ": 0.080051,
"seedArr": "notSeed",
"colorb": "#FABB7C",
"colorw": "#FABB7C" 
},
{
 "id": "Bin.2.26",
"label": "Bin.2.26",
"size":       24,
"opacity":     0.54,
"fx":   -271.2,
"fy": -395.1714,
"fz":  496.865,
"origX": -0.052544,
"origY": -0.044155,
"origZ": 0.099373,
"seedArr": "notSeed",
"colorb": "#FEEDA2",
"colorw": "#FEEDA2" 
},
{
 "id": "Bin.2.22",
"label": "Bin.2.22",
"size":       24,
"opacity":     0.59,
"fx": -367.7667,
"fy": -722.4571,
"fz":  263.385,
"origX": -0.064132,
"origY": -0.10143,
"origZ": 0.052677,
"seedArr": "notSeed",
"colorb": "#FCCD89",
"colorw": "#FCCD89" 
},
{
 "id": "Bin.2.18",
"label": "Bin.2.18",
"size":       24,
"opacity":     0.44,
"fx":     12.9,
"fy": -154.228,
"fz":     -459,
"origX": -0.018452,
"origY": -0.0019899,
"origZ":  -0.0918,
"seedArr": "notSeed",
"colorb": "#FDF0BC",
"colorw": "#FDF0BC" 
},
{
 "id": "Bin.2.14",
"label": "Bin.2.14",
"size":       24,
"opacity":     0.45,
"fx": -282.2417,
"fy":  -579.04,
"fz":   89.385,
"origX": -0.053869,
"origY": -0.076332,
"origZ": 0.017877,
"seedArr": "notSeed",
"colorb": "#FDF0BA",
"colorw": "#FDF0BA" 
},
{
 "id": "Bin.2.10",
"label": "Bin.2.10",
"size":       24,
"opacity":      0.6,
"fx": -779.1667,
"fy": -463.0743,
"fz": -177.325,
"origX":  -0.1135,
"origY": -0.056038,
"origZ": -0.035465,
"seedArr": "notSeed",
"colorb": "#FCCA86",
"colorw": "#FCCA86" 
},
{
 "id": "Bin.2.06",
"label": "Bin.2.06",
"size":       24,
"opacity":     0.75,
"fx":   -585.3,
"fy": -342.4057,
"fz":  -635.05,
"origX": -0.090236,
"origY": -0.034921,
"origZ": -0.12701,
"seedArr": "notSeed",
"colorb": "#F25B37",
"colorw": "#F25B37" 
},
{
 "id": "Bin.2.02",
"label": "Bin.2.02",
"size":       24,
"opacity":     0.69,
"fx": -468.525,
"fy":  -475.56,
"fz":   -564.8,
"origX": -0.076223,
"origY": -0.058223,
"origZ": -0.11296,
"seedArr": "notSeed",
"colorb": "#F68B59",
"colorw": "#F68B59" 
},
{
 "id": "Bin.1.98",
"label": "Bin.1.98",
"size":       24,
"opacity":     0.78,
"fx":  -706.75,
"fy": -438.7086,
"fz":  -586.45,
"origX": -0.10481,
"origY": -0.051774,
"origZ": -0.11729,
"seedArr": "notSeed",
"colorb": "#F1492A",
"colorw": "#F1492A" 
},
{
 "id": "Bin.1.94",
"label": "Bin.1.94",
"size":       24,
"opacity":     0.46,
"fx":  -586.55,
"fy": -308.9829,
"fz": -112.575,
"origX": -0.090386,
"origY": -0.029072,
"origZ": -0.022515,
"seedArr": "notSeed",
"colorb": "#FDEFB7",
"colorw": "#FDEFB7" 
},
{
 "id": "Bin.1.90",
"label": "Bin.1.90",
"size":       24,
"opacity":     0.47,
"fx": -487.7333,
"fy": -482.8514,
"fz":    66.42,
"origX": -0.078528,
"origY": -0.059499,
"origZ": 0.013284,
"seedArr": "notSeed",
"colorb": "#FEEFB4",
"colorw": "#FEEFB4" 
},
{
 "id": "Bin.1.86",
"label": "Bin.1.86",
"size":       24,
"opacity":     0.73,
"fx": -805.1667,
"fy": -315.9886,
"fz":   -497.1,
"origX": -0.11662,
"origY": -0.030298,
"origZ": -0.09942,
"seedArr": "notSeed",
"colorb": "#F36941",
"colorw": "#F36941" 
},
{
 "id": "Bin.1.82",
"label": "Bin.1.82",
"size":       24,
"opacity":     0.78,
"fx": -754.6667,
"fy": -306.1086,
"fz":  -597.85,
"origX": -0.11056,
"origY": -0.028569,
"origZ": -0.11957,
"seedArr": "notSeed",
"colorb": "#F14B2B",
"colorw": "#F14B2B" 
},
{
 "id": "Bin.1.78",
"label": "Bin.1.78",
"size":       24,
"opacity":     0.77,
"fx": -756.1667,
"fy": -387.0286,
"fz":  -574.55,
"origX": -0.11074,
"origY": -0.04273,
"origZ": -0.11491,
"seedArr": "notSeed",
"colorb": "#F14C2C",
"colorw": "#F14C2C" 
},
{
 "id": "Bin.1.74",
"label": "Bin.1.74",
"size":       24,
"opacity":      0.7,
"fx": -748.1667,
"fy":  -512.12,
"fz": -411.535,
"origX": -0.10978,
"origY": -0.064621,
"origZ": -0.082307,
"seedArr": "notSeed",
"colorb": "#F57E50",
"colorw": "#F57E50" 
},
{
 "id": "Bin.1.70",
"label": "Bin.1.70",
"size":       24,
"opacity":     0.75,
"fx": -819.5833,
"fy": -524.6286,
"fz":  -416.92,
"origX": -0.11835,
"origY": -0.06681,
"origZ": -0.083384,
"seedArr": "notSeed",
"colorb": "#F25C38",
"colorw": "#F25C38" 
},
{
 "id": "Bin.1.66",
"label": "Bin.1.66",
"size":       24,
"opacity":     0.74,
"fx": -808.3333,
"fy": -493.4629,
"fz": -416.985,
"origX":   -0.117,
"origY": -0.061356,
"origZ": -0.083397,
"seedArr": "notSeed",
"colorb": "#F36740",
"colorw": "#F36740" 
},
{
 "id": "Bin.1.62",
"label": "Bin.1.62",
"size":       24,
"opacity":     0.68,
"fx":     -812,
"fy": -550.4514,
"fz": -274.795,
"origX": -0.11744,
"origY": -0.071329,
"origZ": -0.054959,
"seedArr": "notSeed",
"colorb": "#F68D5B",
"colorw": "#F68D5B" 
},
{
 "id": "Bin.1.58",
"label": "Bin.1.58",
"size":       24,
"opacity":     0.75,
"fx":   -738.5,
"fy": -529.0057,
"fz":  -475.54,
"origX": -0.10862,
"origY": -0.067576,
"origZ": -0.095108,
"seedArr": "notSeed",
"colorb": "#F35E39",
"colorw": "#F35E39" 
},
{
 "id": "Bin.1.54",
"label": "Bin.1.54",
"size":       24,
"opacity":     0.49,
"fx": -506.6917,
"fy": -484.0914,
"fz":  -172.78,
"origX": -0.080803,
"origY": -0.059716,
"origZ": -0.034556,
"seedArr": "notSeed",
"colorb": "#FEEFB0",
"colorw": "#FEEFB0" 
},
{
 "id": "Bin.1.50",
"label": "Bin.1.50",
"size":       24,
"opacity":     0.56,
"fx": -698.3333,
"fy":   -538.6,
"fz":  -61.585,
"origX":  -0.1038,
"origY": -0.069255,
"origZ": -0.012317,
"seedArr": "notSeed",
"colorb": "#FEE398",
"colorw": "#FEE398" 
},
{
 "id": "Bin.1.46",
"label": "Bin.1.46",
"size":       24,
"opacity":     0.66,
"fx": -640.775,
"fy": -590.0286,
"fz":  339.695,
"origX": -0.096893,
"origY": -0.078255,
"origZ": 0.067939,
"seedArr": "notSeed",
"colorb": "#F89B65",
"colorw": "#F89B65" 
},
{
 "id": "Bin.1.42",
"label": "Bin.1.42",
"size":       24,
"opacity":     0.67,
"fx":  -867.75,
"fy":   -550.6,
"fz":   32.319,
"origX": -0.12413,
"origY": -0.071355,
"origZ": 0.0064638,
"seedArr": "notSeed",
"colorb": "#F79862",
"colorw": "#F79862" 
},
{
 "id": "Bin.1.38",
"label": "Bin.1.38",
"size":       24,
"opacity":     0.63,
"fx":   -726.5,
"fy": -437.4171,
"fz":  -325.83,
"origX": -0.10718,
"origY": -0.051548,
"origZ": -0.065166,
"seedArr": "notSeed",
"colorb": "#FAB678",
"colorw": "#FAB678" 
},
{
 "id": "Bin.1.34",
"label": "Bin.1.34",
"size":       24,
"opacity":     0.76,
"fx":    -37.2,
"fy": -727.4286,
"fz":    602.6,
"origX": -0.024464,
"origY":  -0.1023,
"origZ":  0.12052,
"seedArr": "notSeed",
"colorb": "#F25935",
"colorw": "#F25935" 
},
{
 "id": "Bin.1.30",
"label": "Bin.1.30",
"size":       24,
"opacity":     0.43,
"fx": 33.46667,
"fy": -655.7829,
"fz":    80.96,
"origX": -0.015984,
"origY": -0.089762,
"origZ": 0.016192,
"seedArr": "notSeed",
"colorb": "#FDF0BE",
"colorw": "#FDF0BE" 
},
{
 "id": "Bin.1.26",
"label": "Bin.1.26",
"size":       24,
"opacity":      0.6,
"fx": 106.7175,
"fy": -372.9771,
"fz":  -625.65,
"origX": -0.0071939,
"origY": -0.040271,
"origZ": -0.12513,
"seedArr": "notSeed",
"colorb": "#FBC885",
"colorw": "#FBC885" 
},
{
 "id": "Bin.1.22",
"label": "Bin.1.22",
"size":       24,
"opacity":     0.32,
"fx":  -78.825,
"fy": -421.6857,
"fz":   37.317,
"origX": -0.029459,
"origY": -0.048795,
"origZ": 0.0074634,
"seedArr": "notSeed",
"colorb": "#FCF4DA",
"colorw": "#FCF4DA" 
},
{
 "id": "Bin.1.18",
"label": "Bin.1.18",
"size":       24,
"opacity":     0.56,
"fx": -251.725,
"fy": -540.4057,
"fz":  437.765,
"origX": -0.050207,
"origY": -0.069571,
"origZ": 0.087553,
"seedArr": "notSeed",
"colorb": "#FEE89C",
"colorw": "#FEE89C" 
},
{
 "id": "Bin.1.14",
"label": "Bin.1.14",
"size":       24,
"opacity":      0.4,
"fx": -376.175,
"fy": -292.7886,
"fz":   253.01,
"origX": -0.065141,
"origY": -0.026238,
"origZ": 0.050602,
"seedArr": "notSeed",
"colorb": "#FDF1C5",
"colorw": "#FDF1C5" 
},
{
 "id": "Bin.1.10",
"label": "Bin.1.10",
"size":       24,
"opacity":     0.71,
"fx": -450.7167,
"fy": -121.1966,
"fz":  -667.85,
"origX": -0.074086,
"origY": 0.0037906,
"origZ": -0.13357,
"seedArr": "notSeed",
"colorb": "#F57B4E",
"colorw": "#F57B4E" 
},
{
 "id": "Bin.1.06",
"label": "Bin.1.06",
"size":       24,
"opacity":     0.65,
"fx":     -741,
"fy": -453.4857,
"fz": -318.335,
"origX": -0.10892,
"origY": -0.05436,
"origZ": -0.063667,
"seedArr": "notSeed",
"colorb": "#F9A86E",
"colorw": "#F9A86E" 
},
{
 "id": "Bin.1.02",
"label": "Bin.1.02",
"size":       24,
"opacity":     0.66,
"fx": -880.4167,
"fy": -486.9486,
"fz":  -129.66,
"origX": -0.12565,
"origY": -0.060216,
"origZ": -0.025932,
"seedArr": "notSeed",
"colorb": "#F89D66",
"colorw": "#F89D66" 
},
{
 "id": "Bin.0.98",
"label": "Bin.0.98",
"size":       24,
"opacity":     0.68,
"fx":   -842.5,
"fy": -578.3314,
"fz": -148.875,
"origX":  -0.1211,
"origY": -0.076208,
"origZ": -0.029775,
"seedArr": "notSeed",
"colorb": "#F7905D",
"colorw": "#F7905D" 
},
{
 "id": "Bin.0.94",
"label": "Bin.0.94",
"size":       24,
"opacity":      0.7,
"fx": -899.5833,
"fy": -556.5143,
"fz":  -180.15,
"origX": -0.12795,
"origY": -0.07239,
"origZ": -0.03603,
"seedArr": "notSeed",
"colorb": "#F68253",
"colorw": "#F68253" 
},
{
 "id": "Bin.0.90",
"label": "Bin.0.90",
"size":       24,
"opacity":     0.74,
"fx":   -798.5,
"fy":  -582.16,
"fz": -364.605,
"origX": -0.11582,
"origY": -0.076878,
"origZ": -0.072921,
"seedArr": "notSeed",
"colorb": "#F3643D",
"colorw": "#F3643D" 
},
{
 "id": "Bin.0.86",
"label": "Bin.0.86",
"size":       24,
"opacity":     0.73,
"fx":   -823.5,
"fy": -586.6629,
"fz":  -321.38,
"origX": -0.11882,
"origY": -0.077666,
"origZ": -0.064276,
"seedArr": "notSeed",
"colorb": "#F46B42",
"colorw": "#F46B42" 
},
{
 "id": "Bin.0.82",
"label": "Bin.0.82",
"size":       24,
"opacity":     0.71,
"fx": -934.4167,
"fy": -497.0686,
"fz":  -229.09,
"origX": -0.13213,
"origY": -0.061987,
"origZ": -0.045818,
"seedArr": "notSeed",
"colorb": "#F5774B",
"colorw": "#F5774B" 
},
{
 "id": "Bin.0.78",
"label": "Bin.0.78",
"size":       24,
"opacity":      0.7,
"fx":   -989.5,
"fy": -339.3029,
"fz":   -250.9,
"origX": -0.13874,
"origY": -0.034378,
"origZ": -0.05018,
"seedArr": "notSeed",
"colorb": "#F58052",
"colorw": "#F58052" 
},
{
 "id": "Bin.0.74",
"label": "Bin.0.74",
"size":       24,
"opacity":     0.71,
"fx": -579.475,
"fy": 546.9714,
"fz":  141.385,
"origX": -0.089537,
"origY":  0.12072,
"origZ": 0.028277,
"seedArr": "notSeed",
"colorb": "#F5794D",
"colorw": "#F5794D" 
},
{
 "id": "Bin.0.70",
"label": "Bin.0.70",
"size":       24,
"opacity":     0.72,
"fx": -673.6667,
"fy": 496.1143,
"fz":  143.335,
"origX": -0.10084,
"origY":  0.11182,
"origZ": 0.028667,
"seedArr": "notSeed",
"colorb": "#F4764A",
"colorw": "#F4764A" 
},
{
 "id": "Bin.0.66",
"label": "Bin.0.66",
"size":       24,
"opacity":      0.7,
"fx": -675.5833,
"fy":    480.8,
"fz":   127.82,
"origX": -0.10107,
"origY":  0.10914,
"origZ": 0.025564,
"seedArr": "notSeed",
"colorb": "#F68454",
"colorw": "#F68454" 
},
{
 "id": "Bin.0.62",
"label": "Bin.0.62",
"size":       24,
"opacity":     0.65,
"fx": -707.6667,
"fy": 343.5657,
"fz":  128.495,
"origX": -0.10492,
"origY": 0.085124,
"origZ": 0.025699,
"seedArr": "notSeed",
"colorb": "#F9A66D",
"colorw": "#F9A66D" 
},
{
 "id": "Bin.0.58",
"label": "Bin.0.58",
"size":       24,
"opacity":     0.63,
"fx": -660.825,
"fy": 330.9029,
"fz":   204.45,
"origX": -0.099299,
"origY": 0.082908,
"origZ":  0.04089,
"seedArr": "notSeed",
"colorb": "#FAB276",
"colorw": "#FAB276" 
},
{
 "id": "Bin.0.54",
"label": "Bin.0.54",
"size":       24,
"opacity":     0.65,
"fx": -655.8167,
"fy": 377.2171,
"fz":   154.39,
"origX": -0.098698,
"origY": 0.091013,
"origZ": 0.030878,
"seedArr": "notSeed",
"colorb": "#F8A46B",
"colorw": "#F8A46B" 
},
{
 "id": "Bin.0.50",
"label": "Bin.0.50",
"size":       24,
"opacity":     0.51,
"fx": -669.3333,
"fy": 164.8514,
"fz":     25.9,
"origX": -0.10032,
"origY": 0.053849,
"origZ":  0.00518,
"seedArr": "notSeed",
"colorb": "#FEEEAA",
"colorw": "#FEEEAA" 
},
{
 "id": "Bin.0.46",
"label": "Bin.0.46",
"size":       24,
"opacity":     0.48,
"fx": -651.9583,
"fy": 69.22857,
"fz":    6.033,
"origX": -0.098235,
"origY": 0.037115,
"origZ": 0.0012066,
"seedArr": "notSeed",
"colorb": "#FEEFB1",
"colorw": "#FEEFB1" 
},
{
 "id": "Bin.0.42",
"label": "Bin.0.42",
"size":       24,
"opacity":     0.41,
"fx": -501.9083,
"fy": 50.83429,
"fz": -47.4915,
"origX": -0.080229,
"origY": 0.033896,
"origZ": -0.0094983,
"seedArr": "notSeed",
"colorb": "#FDF1C2",
"colorw": "#FDF1C2" 
},
{
 "id": "Bin.0.38",
"label": "Bin.0.38",
"size":       24,
"opacity":     0.48,
"fx": -410.025,
"fy": 287.1029,
"fz":    78.12,
"origX": -0.069203,
"origY": 0.075243,
"origZ": 0.015624,
"seedArr": "notSeed",
"colorb": "#FEEFB2",
"colorw": "#FEEFB2" 
},
{
 "id": "Bin.0.34",
"label": "Bin.0.34",
"size":       24,
"opacity":     0.44,
"fx":   -540.4,
"fy": 85.18286,
"fz":    51.53,
"origX": -0.084848,
"origY": 0.039907,
"origZ": 0.010306,
"seedArr": "notSeed",
"colorb": "#FDF0BA",
"colorw": "#FDF0BA" 
},
{
 "id": "Bin.0.30",
"label": "Bin.0.30",
"size":       24,
"opacity":     0.38,
"fx":  -476.15,
"fy": 13.49143,
"fz":  -62.795,
"origX": -0.077138,
"origY": 0.027361,
"origZ": -0.012559,
"seedArr": "notSeed",
"colorb": "#FCF2CA",
"colorw": "#FCF2CA" 
},
{
 "id": "Bin.0.26",
"label": "Bin.0.26",
"size":       24,
"opacity":      0.4,
"fx": -543.7667,
"fy": -94.78457,
"fz": -10.7095,
"origX": -0.085252,
"origY": 0.0084127,
"origZ": -0.0021419,
"seedArr": "notSeed",
"colorb": "#FDF1C6",
"colorw": "#FDF1C6" 
},
{
 "id": "Bin.0.22",
"label": "Bin.0.22",
"size":       24,
"opacity":     0.46,
"fx": -578.5083,
"fy": -38.89143,
"fz":   161.45,
"origX": -0.089421,
"origY": 0.018194,
"origZ":  0.03229,
"seedArr": "notSeed",
"colorb": "#FDF0B7",
"colorw": "#FDF0B7" 
} 
],
"misc": "",
"ticks": {
 "x": [      -20,      -15,      -10,       -5,        0,        5,       10,       15,       20 ],
"y": [      -40,      -35,      -30,      -25,      -20,      -15,      -10,       -5,        0,        5,       10 ],
"z": [      -10,       -5,        0,        5,       10,       15,       20,       25 ] 
},
"ticksLoading": {
 "x": [    -0.14,    -0.12,     -0.1,    -0.08,    -0.06,    -0.04,    -0.02,        0,     0.02,     0.04,     0.06,     0.08,      0.1 ],
"y": [    -0.12,     -0.1,    -0.08,    -0.06,    -0.04,    -0.02,        0,     0.02,     0.04,     0.06,     0.08,      0.1,     0.12,     0.14,     0.16 ],
"z": [     -0.2,    -0.15,     -0.1,    -0.05,        0,     0.05,      0.1,     0.15,      0.2 ] 
},
"axis": [ "PC1 (21.2%)", "PC2 (16.1%)", "PC3 (8.3%)" ],
"axisLoading": [ "Loading 1", "Loading 2", "Loading 3" ],
"metaCol": {
 "label": [ "control", "patient" ],
"color": [ "#E6194B", "#3CB44B" ],
"type": null 
} 
}