{
 "omicstype": "",
"nodes": [
 {
 "id": "C002",
"label": "C002",
"size":       18,
"meta": "control",
"fx": -294.2923,
"fy": -524.2057,
"fz": 22.34286,
"origX":  -0.8258,
"origY":  -1.6736,
"origZ":   -2.109,
"colorb": "#E6194B" 
},
{
 "id": "C004",
"label": "C004",
"size":       18,
"meta": "control",
"fx":   -550.8,
"fy": -459.5309,
"fz": 81.45714,
"origX":  -4.1604,
"origY": -0.54179,
"origZ":  -1.0745,
"colorb": "#E6194B" 
},
{
 "id": "C005",
"label": "C005",
"size":       18,
"meta": "control",
"fx": -400.0231,
"fy": -649.0686,
"fz": -53.01143,
"origX":  -2.2003,
"origY":  -3.8587,
"origZ":  -3.4277,
"colorb": "#E6194B" 
},
{
 "id": "C006",
"label": "C006",
"size":       18,
"meta": "control",
"fx": -659.8769,
"fy": -608.2571,
"fz": -12.31429,
"origX":  -5.5784,
"origY":  -3.1445,
"origZ":  -2.7155,
"colorb": "#E6194B" 
},
{
 "id": "C007",
"label": "C007",
"size":       18,
"meta": "control",
"fx":   -624.7,
"fy": -413.9097,
"fz": 166.3131,
"origX":  -5.1211,
"origY":  0.25658,
"origZ":  0.41048,
"colorb": "#E6194B" 
},
{
 "id": "C009",
"label": "C009",
"size":       18,
"meta": "control",
"fx": -665.9769,
"fy":  -545.84,
"fz":   93.904,
"origX":  -5.6577,
"origY":  -2.0522,
"origZ": -0.85668,
"colorb": "#E6194B" 
},
{
 "id": "C010",
"label": "C010",
"size":       18,
"meta": "control",
"fx": -569.4385,
"fy": -428.412,
"fz":  170.284,
"origX":  -4.4027,
"origY": 0.0027906,
"origZ":  0.47997,
"colorb": "#E6194B" 
},
{
 "id": "C011",
"label": "C011",
"size":       18,
"meta": "control",
"fx": -785.8769,
"fy": -314.6857,
"fz": 44.24571,
"origX":  -7.2164,
"origY":    1.993,
"origZ":  -1.7257,
"colorb": "#E6194B" 
},
{
 "id": "C012",
"label": "C012",
"size":       18,
"meta": "control",
"fx": -534.7231,
"fy": -546.2686,
"fz": 70.77143,
"origX":  -3.9514,
"origY":  -2.0597,
"origZ":  -1.2615,
"colorb": "#E6194B" 
},
{
 "id": "C015",
"label": "C015",
"size":       18,
"meta": "control",
"fx": -645.2231,
"fy": -534.0914,
"fz": 158.8537,
"origX":  -5.3879,
"origY":  -1.8466,
"origZ":  0.27994,
"colorb": "#E6194B" 
},
{
 "id": "C016",
"label": "C016",
"size":       18,
"meta": "control",
"fx": -744.9692,
"fy": -449.9914,
"fz": -2.422857,
"origX":  -6.6846,
"origY": -0.37485,
"origZ":  -2.5424,
"colorb": "#E6194B" 
},
{
 "id": "C017",
"label": "C017",
"size":       18,
"meta": "control",
"fx": -569.7769,
"fy": -456.3891,
"fz": 204.9829,
"origX":  -4.4071,
"origY": -0.48681,
"origZ":   1.0872,
"colorb": "#E6194B" 
},
{
 "id": "C019",
"label": "C019",
"size":       18,
"meta": "control",
"fx": -717.0231,
"fy": -482.6651,
"fz": 92.85257,
"origX":  -6.3213,
"origY": -0.94664,
"origZ": -0.87508,
"colorb": "#E6194B" 
},
{
 "id": "C020",
"label": "C020",
"size":       18,
"meta": "control",
"fx": -663.4846,
"fy":  -691.84,
"fz": 45.73143,
"origX":  -5.6253,
"origY":  -4.6072,
"origZ":  -1.6997,
"colorb": "#E6194B" 
},
{
 "id": "C021",
"label": "C021",
"size":       18,
"meta": "control",
"fx": -703.5231,
"fy": -468.7823,
"fz": 235.2914,
"origX":  -6.1458,
"origY": -0.70369,
"origZ":   1.6176,
"colorb": "#E6194B" 
},
{
 "id": "C022",
"label": "C022",
"size":       18,
"meta": "control",
"fx": -562.2692,
"fy": -456.0223,
"fz": 184.1703,
"origX":  -4.3095,
"origY": -0.48039,
"origZ":  0.72298,
"colorb": "#E6194B" 
},
{
 "id": "C024",
"label": "C024",
"size":       18,
"meta": "control",
"fx": -699.2769,
"fy": -552.8914,
"fz": 88.93029,
"origX":  -6.0906,
"origY":  -2.1756,
"origZ": -0.94372,
"colorb": "#E6194B" 
},
{
 "id": "C026",
"label": "C026",
"size":       18,
"meta": "control",
"fx": -859.8615,
"fy": -420.0971,
"fz":   204.24,
"origX":  -8.1782,
"origY":   0.1483,
"origZ":   1.0742,
"colorb": "#E6194B" 
},
{
 "id": "C028",
"label": "C028",
"size":       18,
"meta": "control",
"fx": -614.7077,
"fy":  -596.24,
"fz": -90.42857,
"origX":  -4.9912,
"origY":  -2.9342,
"origZ":  -4.0825,
"colorb": "#E6194B" 
},
{
 "id": "C029",
"label": "C029",
"size":       18,
"meta": "control",
"fx": -598.9692,
"fy": -505.3771,
"fz": 189.7383,
"origX":  -4.7866,
"origY":  -1.3441,
"origZ":  0.82042,
"colorb": "#E6194B" 
},
{
 "id": "C030",
"label": "C030",
"size":       18,
"meta": "control",
"fx": -759.6615,
"fy": -371.9943,
"fz": 202.3943,
"origX":  -6.8756,
"origY":   0.9901,
"origZ":   1.0419,
"colorb": "#E6194B" 
},
{
 "id": "C031",
"label": "C031",
"size":       18,
"meta": "control",
"fx":   -641.5,
"fy":  -387.14,
"fz": -61.82857,
"origX":  -5.3395,
"origY":  0.72505,
"origZ":   -3.582,
"colorb": "#E6194B" 
},
{
 "id": "C032",
"label": "C032",
"size":       18,
"meta": "control",
"fx": -809.6308,
"fy": -431.6335,
"fz": 211.8514,
"origX":  -7.5252,
"origY": -0.053586,
"origZ":   1.2074,
"colorb": "#E6194B" 
},
{
 "id": "C033",
"label": "C033",
"size":       18,
"meta": "control",
"fx": -799.3769,
"fy": -681.7771,
"fz": 55.37714,
"origX":  -7.3919,
"origY":  -4.4311,
"origZ":  -1.5309,
"colorb": "#E6194B" 
},
{
 "id": "C034",
"label": "C034",
"size":       18,
"meta": "control",
"fx": -540.6308,
"fy": -632.6629,
"fz": 8.251429,
"origX":  -4.0282,
"origY":  -3.5716,
"origZ":  -2.3556,
"colorb": "#E6194B" 
},
{
 "id": "P002",
"label": "P002",
"size":       18,
"meta": "patient",
"fx": -8.138462,
"fy": -13.91429,
"fz": 240.6114,
"origX":   2.8942,
"origY":   7.2565,
"origZ":   1.7107,
"colorb": "#3CB44B" 
},
{
 "id": "P012",
"label": "P012",
"size":       18,
"meta": "patient",
"fx": 570.4615,
"fy": -751.4514,
"fz": -62.74286,
"origX":   10.416,
"origY":  -5.6504,
"origZ":   -3.598,
"colorb": "#3CB44B" 
},
{
 "id": "P014",
"label": "P014",
"size":       18,
"meta": "patient",
"fx": 140.9923,
"fy": -388.176,
"fz": 337.8629,
"origX":   4.8329,
"origY":  0.70692,
"origZ":   3.4126,
"colorb": "#3CB44B" 
},
{
 "id": "P027",
"label": "P027",
"size":       18,
"meta": "patient",
"fx": -24.15385,
"fy": -484.1074,
"fz":      241,
"origX":    2.686,
"origY": -0.97188,
"origZ":   1.7175,
"colorb": "#3CB44B" 
},
{
 "id": "P034",
"label": "P034",
"size":       18,
"meta": "patient",
"fx": 184.9846,
"fy": -229.9486,
"fz": 407.9943,
"origX":   5.4048,
"origY":   3.4759,
"origZ":   4.6399,
"colorb": "#3CB44B" 
},
{
 "id": "P037",
"label": "P037",
"size":       18,
"meta": "patient",
"fx": -290.3885,
"fy": 59.49714,
"fz": 522.1086,
"origX": -0.77505,
"origY":   8.5412,
"origZ":   6.6369,
"colorb": "#3CB44B" 
},
{
 "id": "P038",
"label": "P038",
"size":       18,
"meta": "patient",
"fx": 334.9231,
"fy": -452.7931,
"fz": 223.9543,
"origX":    7.354,
"origY": -0.42388,
"origZ":   1.4192,
"colorb": "#3CB44B" 
},
{
 "id": "P041",
"label": "P041",
"size":       18,
"meta": "patient",
"fx": 757.6154,
"fy": -500.0514,
"fz":   -380.4,
"origX":   12.849,
"origY":  -1.2509,
"origZ":   -9.157,
"colorb": "#3CB44B" 
},
{
 "id": "P042",
"label": "P042",
"size":       18,
"meta": "patient",
"fx": 58.78462,
"fy": -631.0229,
"fz":   242.52,
"origX":   3.7642,
"origY":  -3.5429,
"origZ":   1.7441,
"colorb": "#3CB44B" 
},
{
 "id": "P049",
"label": "P049",
"size":       18,
"meta": "patient",
"fx":    -19.7,
"fy": -322.2171,
"fz": 437.9543,
"origX":   2.7439,
"origY":   1.8612,
"origZ":   5.1642,
"colorb": "#3CB44B" 
},
{
 "id": "P056",
"label": "P056",
"size":       18,
"meta": "patient",
"fx": -2.292308,
"fy":   -333.8,
"fz": 383.4914,
"origX":   2.9702,
"origY":   1.6585,
"origZ":   4.2111,
"colorb": "#3CB44B" 
},
{
 "id": "P058",
"label": "P058",
"size":       18,
"meta": "patient",
"fx": 33.93846,
"fy": -170.6914,
"fz": 260.5429,
"origX":   3.4412,
"origY":   4.5129,
"origZ":   2.0595,
"colorb": "#3CB44B" 
},
{
 "id": "P060",
"label": "P060",
"size":       18,
"meta": "patient",
"fx": 148.8615,
"fy": -338.8286,
"fz": 326.4229,
"origX":   4.9352,
"origY":   1.5705,
"origZ":   3.2124,
"colorb": "#3CB44B" 
},
{
 "id": "P064",
"label": "P064",
"size":       18,
"meta": "patient",
"fx": 445.3154,
"fy": -579.1543,
"fz":  117.864,
"origX":   8.7891,
"origY":  -2.6352,
"origZ": -0.43738,
"colorb": "#3CB44B" 
},
{
 "id": "P065",
"label": "P065",
"size":       18,
"meta": "patient",
"fx": 286.4538,
"fy":  -522.64,
"fz": 180.0994,
"origX":   6.7239,
"origY":  -1.6462,
"origZ":  0.65174,
"colorb": "#3CB44B" 
},
{
 "id": "P070",
"label": "P070",
"size":       18,
"meta": "patient",
"fx":     47.1,
"fy": -285.5486,
"fz": 316.1029,
"origX":   3.6123,
"origY":   2.5029,
"origZ":   3.0318,
"colorb": "#3CB44B" 
},
{
 "id": "P080",
"label": "P080",
"size":       18,
"meta": "patient",
"fx": 274.3308,
"fy": -175.2971,
"fz": -252.1543,
"origX":   6.5663,
"origY":   4.4323,
"origZ":  -6.9127,
"colorb": "#3CB44B" 
},
{
 "id": "P085",
"label": "P085",
"size":       18,
"meta": "patient",
"fx": 545.1538,
"fy": -655.9943,
"fz": 388.4857,
"origX":   10.087,
"origY":  -3.9799,
"origZ":   4.2985,
"colorb": "#3CB44B" 
},
{
 "id": "P086",
"label": "P086",
"size":       18,
"meta": "patient",
"fx": 247.0231,
"fy": -506.0571,
"fz": 135.1931,
"origX":   6.2113,
"origY":   -1.356,
"origZ": -0.13412,
"colorb": "#3CB44B" 
},
{
 "id": "P089",
"label": "P089",
"size":       18,
"meta": "patient",
"fx": 483.6462,
"fy": -628.7829,
"fz": 133.6874,
"origX":   9.2874,
"origY":  -3.5037,
"origZ": -0.16047,
"colorb": "#3CB44B" 
},
{
 "id": "P092",
"label": "P092",
"size":       18,
"meta": "patient",
"fx": -95.08462,
"fy": -283.7257,
"fz": 446.4286,
"origX":   1.7639,
"origY":   2.5348,
"origZ":   5.3125,
"colorb": "#3CB44B" 
},
{
 "id": "P099",
"label": "P099",
"size":       18,
"meta": "patient",
"fx": -428.6308,
"fy": -14.14857,
"fz": 793.0286,
"origX":  -2.5722,
"origY":   7.2524,
"origZ":   11.378,
"colorb": "#3CB44B" 
},
{
 "id": "P113",
"label": "P113",
"size":       18,
"meta": "patient",
"fx": -169.1154,
"fy":    533.6,
"fz": -804.2857,
"origX":   0.8015,
"origY":   16.838,
"origZ":  -16.575,
"colorb": "#3CB44B" 
},
{
 "id": "P013b",
"label": "P013b",
"size":       18,
"meta": "patient",
"fx": 623.8462,
"fy": -698.8114,
"fz": -107.0343,
"origX":    11.11,
"origY":  -4.7292,
"origZ":  -4.3731,
"colorb": "#3CB44B" 
},
{
 "id": "P100b",
"label": "P100b",
"size":       18,
"meta": "patient",
"fx": 331.1769,
"fy": -444.7771,
"fz": 302.1086,
"origX":   7.3053,
"origY":  -0.2836,
"origZ":   2.7869,
"colorb": "#3CB44B" 
} 
],
"meta": [ "control", "control", "control", "control", "control", "control", "control", "control", "control", "control", "control", "control", "control", "control", "control", "control", "control", "control", "control", "control", "control", "control", "control", "control", "control", "patient", "patient", "patient", "patient", "patient", "patient", "patient", "patient", "patient", "patient", "patient", "patient", "patient", "patient", "patient", "patient", "patient", "patient", "patient", "patient", "patient", "patient", "patient", "patient", "patient" ],
"loading": [
 {
 "id": "Bin.9.98",
"label": "Bin.9.98",
"size":       24,
"opacity":     0.34,
"fx": -283.5543,
"fy":    17.16,
"fz": 254.2114,
"origX": -0.024622,
"origY": -0.021997,
"origZ": 0.069487,
"seedArr": "notSeed",
"colorb": "#FCF3D4",
"colorw": "#FCF3D4" 
},
{
 "id": "Bin.9.94",
"label": "Bin.9.94",
"size":       24,
"opacity":      0.3,
"fx": -138.408,
"fy":   250.32,
"fz": -13.13143,
"origX": 0.0007786,
"origY": 0.018806,
"origZ": 0.022702,
"seedArr": "notSeed",
"colorb": "#FCF4DE",
"colorw": "#FCF4DE" 
},
{
 "id": "Bin.9.90",
"label": "Bin.9.90",
"size":       24,
"opacity":     0.37,
"fx": -88.29771,
"fy": 25.35429,
"fz":   359.96,
"origX": 0.0095479,
"origY": -0.020563,
"origZ": 0.087993,
"seedArr": "notSeed",
"colorb": "#FCF2CC",
"colorw": "#FCF2CC" 
},
{
 "id": "Bin.9.86",
"label": "Bin.9.86",
"size":       24,
"opacity":     0.33,
"fx": -139.9917,
"fy": -235.0286,
"fz": -31.18286,
"origX": 0.00050145,
"origY": -0.06613,
"origZ": 0.019543,
"seedArr": "notSeed",
"colorb": "#FCF4D7",
"colorw": "#FCF4D7" 
},
{
 "id": "Bin.9.82",
"label": "Bin.9.82",
"size":       24,
"opacity":     0.38,
"fx": -292.5143,
"fy": -313.4171,
"fz": 61.23429,
"origX": -0.02619,
"origY": -0.079848,
"origZ": 0.035716,
"seedArr": "notSeed",
"colorb": "#FCF2CC",
"colorw": "#FCF2CC" 
},
{
 "id": "Bin.9.78",
"label": "Bin.9.78",
"size":       24,
"opacity":     0.32,
"fx": -238.6629,
"fy":   -31.36,
"fz": 121.4343,
"origX": -0.016766,
"origY": -0.030488,
"origZ": 0.046251,
"seedArr": "notSeed",
"colorb": "#FCF4D9",
"colorw": "#FCF4D9" 
},
{
 "id": "Bin.9.74",
"label": "Bin.9.74",
"size":       24,
"opacity":     0.52,
"fx": -204.5314,
"fy":  -263.96,
"fz":    455.2,
"origX": -0.010793,
"origY": -0.071193,
"origZ":  0.10466,
"seedArr": "notSeed",
"colorb": "#FEEDA7",
"colorw": "#FEEDA7" 
},
{
 "id": "Bin.9.70",
"label": "Bin.9.70",
"size":       24,
"opacity":     0.31,
"fx": -7.554286,
"fy": 179.5737,
"fz": -34.78286,
"origX": 0.023678,
"origY": 0.0064254,
"origZ": 0.018913,
"seedArr": "notSeed",
"colorb": "#FCF4DD",
"colorw": "#FCF4DD" 
},
{
 "id": "Bin.9.66",
"label": "Bin.9.66",
"size":       24,
"opacity":     0.47,
"fx": -61.34857,
"fy": -290.2514,
"fz":   343.56,
"origX": 0.014264,
"origY": -0.075794,
"origZ": 0.085123,
"seedArr": "notSeed",
"colorb": "#FEEFB3",
"colorw": "#FEEFB3" 
},
{
 "id": "Bin.9.62",
"label": "Bin.9.62",
"size":       24,
"opacity":      0.5,
"fx": -39.29143,
"fy": -314.0114,
"fz": 368.1943,
"origX": 0.018124,
"origY": -0.079952,
"origZ": 0.089434,
"seedArr": "notSeed",
"colorb": "#FEEEAD",
"colorw": "#FEEEAD" 
},
{
 "id": "Bin.9.58",
"label": "Bin.9.58",
"size":       24,
"opacity":      0.4,
"fx": -84.57714,
"fy": -342.2343,
"fz": 139.8229,
"origX": 0.010199,
"origY": -0.084891,
"origZ": 0.049469,
"seedArr": "notSeed",
"colorb": "#FDF1C6",
"colorw": "#FDF1C6" 
},
{
 "id": "Bin.9.54",
"label": "Bin.9.54",
"size":       24,
"opacity":     0.36,
"fx": -58.68571,
"fy": -192.9886,
"fz": 205.6171,
"origX":  0.01473,
"origY": -0.058773,
"origZ": 0.060983,
"seedArr": "notSeed",
"colorb": "#FCF2CF",
"colorw": "#FCF2CF" 
},
{
 "id": "Bin.9.50",
"label": "Bin.9.50",
"size":       24,
"opacity":     0.48,
"fx": 151.5143,
"fy": -277.8343,
"fz":   272.08,
"origX": 0.051515,
"origY": -0.073621,
"origZ": 0.072614,
"seedArr": "notSeed",
"colorb": "#FEEFB2",
"colorw": "#FEEFB2" 
},
{
 "id": "Bin.9.46",
"label": "Bin.9.46",
"size":       24,
"opacity":     0.54,
"fx":   -29.56,
"fy":   -530.4,
"fz": 145.6057,
"origX": 0.019827,
"origY": -0.11782,
"origZ": 0.050481,
"seedArr": "notSeed",
"colorb": "#FEEDA2",
"colorw": "#FEEDA2" 
},
{
 "id": "Bin.9.42",
"label": "Bin.9.42",
"size":       24,
"opacity":     0.54,
"fx": 171.9143,
"fy": -468.3429,
"fz": 147.5429,
"origX": 0.055085,
"origY": -0.10696,
"origZ":  0.05082,
"seedArr": "notSeed",
"colorb": "#FEEDA1",
"colorw": "#FEEDA1" 
},
{
 "id": "Bin.9.38",
"label": "Bin.9.38",
"size":       24,
"opacity":     0.76,
"fx": 67.06857,
"fy": -787.7143,
"fz": 486.6286,
"origX": 0.036737,
"origY": -0.16285,
"origZ":  0.11016,
"seedArr": "notSeed",
"colorb": "#F25432",
"colorw": "#F25432" 
},
{
 "id": "Bin.9.34",
"label": "Bin.9.34",
"size":       24,
"opacity":     0.45,
"fx": 10.33714,
"fy": -265.4057,
"fz":   318.96,
"origX": 0.026809,
"origY": -0.071446,
"origZ": 0.080818,
"seedArr": "notSeed",
"colorb": "#FDF0B9",
"colorw": "#FDF0B9" 
},
{
 "id": "Bin.9.30",
"label": "Bin.9.30",
"size":       24,
"opacity":     0.76,
"fx": -77.49714,
"fy": -875.3714,
"fz": 257.1257,
"origX": 0.011438,
"origY": -0.17819,
"origZ": 0.069997,
"seedArr": "notSeed",
"colorb": "#F25734",
"colorw": "#F25734" 
},
{
 "id": "Bin.9.26",
"label": "Bin.9.26",
"size":       24,
"opacity":     0.39,
"fx": -67.28571,
"fy": -374.9257,
"fz":  -283.04,
"origX": 0.013225,
"origY": -0.090612,
"origZ": -0.024532,
"seedArr": "notSeed",
"colorb": "#FDF2C8",
"colorw": "#FDF2C8" 
},
{
 "id": "Bin.9.22",
"label": "Bin.9.22",
"size":       24,
"opacity":     0.57,
"fx":   193.96,
"fy": -274.8743,
"fz": 435.5429,
"origX": 0.058943,
"origY": -0.073103,
"origZ":  0.10122,
"seedArr": "notSeed",
"colorb": "#FDDC93",
"colorw": "#FDDC93" 
},
{
 "id": "Bin.9.18",
"label": "Bin.9.18",
"size":       24,
"opacity":     0.62,
"fx": 68.65143,
"fy": -106.3371,
"fz": 621.0286,
"origX": 0.037014,
"origY": -0.043609,
"origZ":  0.13368,
"seedArr": "notSeed",
"colorb": "#FABA7B",
"colorw": "#FABA7B" 
},
{
 "id": "Bin.9.14",
"label": "Bin.9.14",
"size":       24,
"opacity":     0.64,
"fx": -236.1886,
"fy":   -580.8,
"fz": 310.0514,
"origX": -0.016333,
"origY": -0.12664,
"origZ": 0.079259,
"seedArr": "notSeed",
"colorb": "#F9A96F",
"colorw": "#F9A96F" 
},
{
 "id": "Bin.9.10",
"label": "Bin.9.10",
"size":       24,
"opacity":      0.8,
"fx": -49.37714,
"fy": -863.7143,
"fz":    640.4,
"origX": 0.016359,
"origY": -0.17615,
"origZ":  0.13707,
"seedArr": "notSeed",
"colorb": "#F03B20",
"colorw": "#F03B20" 
},
{
 "id": "Bin.9.06",
"label": "Bin.9.06",
"size":       24,
"opacity":     0.78,
"fx": -22.83429,
"fy": -749.3714,
"fz": 674.7429,
"origX": 0.021004,
"origY": -0.15614,
"origZ":  0.14308,
"seedArr": "notSeed",
"colorb": "#F14729",
"colorw": "#F14729" 
},
{
 "id": "Bin.9.02",
"label": "Bin.9.02",
"size":       24,
"opacity":     0.79,
"fx": 78.00571,
"fy": -800.4571,
"fz":    603.2,
"origX": 0.038651,
"origY": -0.16508,
"origZ":  0.13056,
"seedArr": "notSeed",
"colorb": "#F04326",
"colorw": "#F04326" 
},
{
 "id": "Bin.8.98",
"label": "Bin.8.98",
"size":       24,
"opacity":     0.73,
"fx": 219.0914,
"fy": -657.0286,
"fz":   201.16,
"origX": 0.063341,
"origY": -0.13998,
"origZ": 0.060203,
"seedArr": "notSeed",
"colorb": "#F46E45",
"colorw": "#F46E45" 
},
{
 "id": "Bin.8.94",
"label": "Bin.8.94",
"size":       24,
"opacity":     0.77,
"fx": 164.4057,
"fy": -705.0857,
"fz": 643.8857,
"origX": 0.053771,
"origY": -0.14839,
"origZ":  0.13768,
"seedArr": "notSeed",
"colorb": "#F14C2C",
"colorw": "#F14C2C" 
},
{
 "id": "Bin.8.90",
"label": "Bin.8.90",
"size":       24,
"opacity":     0.77,
"fx": 167.4629,
"fy": -840.4571,
"fz": 361.3771,
"origX": 0.054306,
"origY": -0.17208,
"origZ": 0.088241,
"seedArr": "notSeed",
"colorb": "#F15230",
"colorw": "#F15230" 
},
{
 "id": "Bin.8.86",
"label": "Bin.8.86",
"size":       24,
"opacity":     0.69,
"fx": -32.37143,
"fy": -647.2571,
"fz": 258.6857,
"origX": 0.019335,
"origY": -0.13827,
"origZ":  0.07027,
"seedArr": "notSeed",
"colorb": "#F68656",
"colorw": "#F68656" 
},
{
 "id": "Bin.8.82",
"label": "Bin.8.82",
"size":       24,
"opacity":     0.73,
"fx": -157.1451,
"fy": -690.7429,
"fz": 316.7314,
"origX": -0.0025004,
"origY": -0.14588,
"origZ": 0.080428,
"seedArr": "notSeed",
"colorb": "#F46D44",
"colorw": "#F46D44" 
},
{
 "id": "Bin.8.78",
"label": "Bin.8.78",
"size":       24,
"opacity":     0.51,
"fx": 444.7429,
"fy": -207.2057,
"fz": 68.57143,
"origX":  0.10283,
"origY": -0.061261,
"origZ":    0.037,
"seedArr": "notSeed",
"colorb": "#FEEEAA",
"colorw": "#FEEEAA" 
},
{
 "id": "Bin.8.74",
"label": "Bin.8.74",
"size":       24,
"opacity":     0.41,
"fx": 325.6343,
"fy": 213.4971,
"fz": 185.4971,
"origX": 0.081986,
"origY": 0.012362,
"origZ": 0.057462,
"seedArr": "notSeed",
"colorb": "#FDF1C3",
"colorw": "#FDF1C3" 
},
{
 "id": "Bin.8.70",
"label": "Bin.8.70",
"size":       24,
"opacity":     0.38,
"fx": 314.3943,
"fy": 214.9086,
"fz": 103.1429,
"origX": 0.080019,
"origY": 0.012609,
"origZ":  0.04305,
"seedArr": "notSeed",
"colorb": "#FCF2CA",
"colorw": "#FCF2CA" 
},
{
 "id": "Bin.8.66",
"label": "Bin.8.66",
"size":       24,
"opacity":     0.68,
"fx": 581.0857,
"fy": -195.2629,
"fz": 236.1943,
"origX":  0.12669,
"origY": -0.059171,
"origZ": 0.066334,
"seedArr": "notSeed",
"colorb": "#F78F5C",
"colorw": "#F78F5C" 
},
{
 "id": "Bin.8.62",
"label": "Bin.8.62",
"size":       24,
"opacity":     0.38,
"fx": 308.2514,
"fy": 171.9251,
"fz":   134.28,
"origX": 0.078944,
"origY": 0.0050869,
"origZ": 0.048499,
"seedArr": "notSeed",
"colorb": "#FCF2CA",
"colorw": "#FCF2CA" 
},
{
 "id": "Bin.8.58",
"label": "Bin.8.58",
"size":       24,
"opacity":     0.68,
"fx": 507.0286,
"fy": -252.9886,
"fz":   304.84,
"origX":  0.11373,
"origY": -0.069273,
"origZ": 0.078347,
"seedArr": "notSeed",
"colorb": "#F7925F",
"colorw": "#F7925F" 
},
{
 "id": "Bin.8.54",
"label": "Bin.8.54",
"size":       24,
"opacity":     0.65,
"fx": -372.0514,
"fy": -534.9714,
"fz": 332.9486,
"origX": -0.040109,
"origY": -0.11862,
"origZ": 0.083266,
"seedArr": "notSeed",
"colorb": "#F9A86E",
"colorw": "#F9A86E" 
},
{
 "id": "Bin.8.50",
"label": "Bin.8.50",
"size":       24,
"opacity":     0.66,
"fx": 209.8286,
"fy": -471.7143,
"fz": 373.6914,
"origX":  0.06172,
"origY": -0.10755,
"origZ": 0.090396,
"seedArr": "notSeed",
"colorb": "#F89B65",
"colorw": "#F89B65" 
},
{
 "id": "Bin.8.46",
"label": "Bin.8.46",
"size":       24,
"opacity":     0.46,
"fx": 181.0457,
"fy": -350.2514,
"fz": 98.26857,
"origX": 0.056683,
"origY": -0.086294,
"origZ": 0.042197,
"seedArr": "notSeed",
"colorb": "#FDEFB7",
"colorw": "#FDEFB7" 
},
{
 "id": "Bin.8.42",
"label": "Bin.8.42",
"size":       24,
"opacity":     0.54,
"fx": 537.9429,
"fy": -47.01143,
"fz": 75.22857,
"origX":  0.11914,
"origY": -0.033227,
"origZ": 0.038165,
"seedArr": "notSeed",
"colorb": "#FEEDA2",
"colorw": "#FEEDA2" 
},
{
 "id": "Bin.8.38",
"label": "Bin.8.38",
"size":       24,
"opacity":     0.53,
"fx":    535.6,
"fy": -77.01714,
"fz": 15.02857,
"origX":  0.11873,
"origY": -0.038478,
"origZ":  0.02763,
"seedArr": "notSeed",
"colorb": "#FEEDA6",
"colorw": "#FEEDA6" 
},
{
 "id": "Bin.8.34",
"label": "Bin.8.34",
"size":       24,
"opacity":     0.63,
"fx": 379.0571,
"fy": -242.4914,
"fz": 380.6229,
"origX": 0.091335,
"origY": -0.067436,
"origZ": 0.091609,
"seedArr": "notSeed",
"colorb": "#FAB678",
"colorw": "#FAB678" 
},
{
 "id": "Bin.8.30",
"label": "Bin.8.30",
"size":       24,
"opacity":     0.69,
"fx":    544.4,
"fy": -136.8629,
"fz": 347.9657,
"origX":  0.12027,
"origY": -0.048951,
"origZ": 0.085894,
"seedArr": "notSeed",
"colorb": "#F68958",
"colorw": "#F68958" 
},
{
 "id": "Bin.8.26",
"label": "Bin.8.26",
"size":       24,
"opacity":      0.6,
"fx":    569.6,
"fy": -155.8286,
"fz": 116.6629,
"origX":  0.12468,
"origY": -0.05227,
"origZ": 0.045416,
"seedArr": "notSeed",
"colorb": "#FBC885",
"colorw": "#FBC885" 
},
{
 "id": "Bin.8.22",
"label": "Bin.8.22",
"size":       24,
"opacity":     0.44,
"fx": 317.8971,
"fy": -255.5314,
"fz": -77.77143,
"origX": 0.080632,
"origY": -0.069718,
"origZ":  0.01139,
"seedArr": "notSeed",
"colorb": "#FDF0BB",
"colorw": "#FDF0BB" 
},
{
 "id": "Bin.8.18",
"label": "Bin.8.18",
"size":       24,
"opacity":     0.37,
"fx": -48.25143,
"fy": -316.6114,
"fz": 40.03429,
"origX": 0.016556,
"origY": -0.080407,
"origZ": 0.032006,
"seedArr": "notSeed",
"colorb": "#FCF2CE",
"colorw": "#FCF2CE" 
},
{
 "id": "Bin.8.14",
"label": "Bin.8.14",
"size":       24,
"opacity":     0.58,
"fx": 531.0286,
"fy": -57.40571,
"fz": 227.3829,
"origX":  0.11793,
"origY": -0.035046,
"origZ": 0.064792,
"seedArr": "notSeed",
"colorb": "#FDD68F",
"colorw": "#FDD68F" 
},
{
 "id": "Bin.8.10",
"label": "Bin.8.10",
"size":       24,
"opacity":     0.55,
"fx": 151.3429,
"fy": -464.4571,
"fz":   189.12,
"origX": 0.051485,
"origY": -0.10628,
"origZ": 0.058096,
"seedArr": "notSeed",
"colorb": "#FEEC9F",
"colorw": "#FEEC9F" 
},
{
 "id": "Bin.8.06",
"label": "Bin.8.06",
"size":       24,
"opacity":     0.69,
"fx": 169.4857,
"fy": -646.5714,
"fz": 132.0514,
"origX":  0.05466,
"origY": -0.13815,
"origZ": 0.048109,
"seedArr": "notSeed",
"colorb": "#F68757",
"colorw": "#F68757" 
},
{
 "id": "Bin.8.02",
"label": "Bin.8.02",
"size":       24,
"opacity":     0.48,
"fx": -40.76571,
"fy": -442.8571,
"fz": 148.9029,
"origX": 0.017866,
"origY":  -0.1025,
"origZ": 0.051058,
"seedArr": "notSeed",
"colorb": "#FEEFB1",
"colorw": "#FEEFB1" 
},
{
 "id": "Bin.7.98",
"label": "Bin.7.98",
"size":       24,
"opacity":     0.36,
"fx": -106.5703,
"fy": 105.8371,
"fz": 336.8971,
"origX": 0.0063502,
"origY": -0.0064785,
"origZ": 0.083957,
"seedArr": "notSeed",
"colorb": "#FCF3D0",
"colorw": "#FCF3D0" 
},
{
 "id": "Bin.7.94",
"label": "Bin.7.94",
"size":       24,
"opacity":     0.47,
"fx": -93.95943,
"fy": -162.3371,
"fz": 436.3429,
"origX": 0.0085571,
"origY": -0.053409,
"origZ":  0.10136,
"seedArr": "notSeed",
"colorb": "#FEEFB3",
"colorw": "#FEEFB3" 
},
{
 "id": "Bin.7.90",
"label": "Bin.7.90",
"size":       24,
"opacity":     0.33,
"fx": 146.6857,
"fy": 265.1086,
"fz": 72.94286,
"origX":  0.05067,
"origY": 0.021394,
"origZ": 0.037765,
"seedArr": "notSeed",
"colorb": "#FCF4D8",
"colorw": "#FCF4D8" 
},
{
 "id": "Bin.7.86",
"label": "Bin.7.86",
"size":       24,
"opacity":     0.63,
"fx": -824.6857,
"fy": 22.80571,
"fz": 331.3086,
"origX": -0.11932,
"origY": -0.021009,
"origZ": 0.082979,
"seedArr": "notSeed",
"colorb": "#FAB276",
"colorw": "#FAB276" 
},
{
 "id": "Bin.7.82",
"label": "Bin.7.82",
"size":       24,
"opacity":     0.63,
"fx": -827.8286,
"fy": -12.49714,
"fz": 315.5314,
"origX": -0.11987,
"origY": -0.027187,
"origZ": 0.080218,
"seedArr": "notSeed",
"colorb": "#FAB477",
"colorw": "#FAB477" 
},
{
 "id": "Bin.7.78",
"label": "Bin.7.78",
"size":       24,
"opacity":     0.53,
"fx": 282.6629,
"fy": -324.6343,
"fz": 237.8229,
"origX": 0.074466,
"origY": -0.081811,
"origZ": 0.066619,
"seedArr": "notSeed",
"colorb": "#FEEDA4",
"colorw": "#FEEDA4" 
},
{
 "id": "Bin.7.74",
"label": "Bin.7.74",
"size":       24,
"opacity":     0.49,
"fx":   137.12,
"fy": -359.3143,
"fz": 206.1943,
"origX": 0.048996,
"origY": -0.08788,
"origZ": 0.061084,
"seedArr": "notSeed",
"colorb": "#FEEEAF",
"colorw": "#FEEEAF" 
},
{
 "id": "Bin.7.70",
"label": "Bin.7.70",
"size":       24,
"opacity":     0.61,
"fx": -20.97143,
"fy": -127.9771,
"fz": 624.6286,
"origX":  0.02133,
"origY": -0.047396,
"origZ":  0.13431,
"seedArr": "notSeed",
"colorb": "#FBC180",
"colorw": "#FBC180" 
},
{
 "id": "Bin.7.66",
"label": "Bin.7.66",
"size":       24,
"opacity":     0.63,
"fx": -816.5143,
"fy": 51.56571,
"fz": 361.1314,
"origX": -0.11789,
"origY": -0.015976,
"origZ": 0.088198,
"seedArr": "notSeed",
"colorb": "#F9B174",
"colorw": "#F9B174" 
},
{
 "id": "Bin.7.62",
"label": "Bin.7.62",
"size":       24,
"opacity":     0.67,
"fx": -681.7086,
"fy": -152.9429,
"fz": 483.0286,
"origX": -0.094299,
"origY": -0.051765,
"origZ":  0.10953,
"seedArr": "notSeed",
"colorb": "#F79964",
"colorw": "#F79964" 
},
{
 "id": "Bin.7.58",
"label": "Bin.7.58",
"size":       24,
"opacity":     0.71,
"fx": -728.3429,
"fy": -180.1143,
"fz": 490.4571,
"origX": -0.10246,
"origY": -0.05652,
"origZ":  0.11083,
"seedArr": "notSeed",
"colorb": "#F57B4E",
"colorw": "#F57B4E" 
},
{
 "id": "Bin.7.54",
"label": "Bin.7.54",
"size":       24,
"opacity":     0.65,
"fx":   -809.6,
"fy":    -75.6,
"fz": 370.2971,
"origX": -0.11668,
"origY": -0.03823,
"origZ": 0.089802,
"seedArr": "notSeed",
"colorb": "#F8A26A",
"colorw": "#F8A26A" 
},
{
 "id": "Bin.7.50",
"label": "Bin.7.50",
"size":       24,
"opacity":     0.71,
"fx": -89.81429,
"fy": -467.8286,
"fz": 546.5143,
"origX": 0.0092825,
"origY": -0.10687,
"origZ":  0.12064,
"seedArr": "notSeed",
"colorb": "#F5794D",
"colorw": "#F5794D" 
},
{
 "id": "Bin.7.46",
"label": "Bin.7.46",
"size":       24,
"opacity":     0.55,
"fx": 258.4057,
"fy": 46.69143,
"fz": 491.7714,
"origX": 0.070221,
"origY": -0.016829,
"origZ":  0.11106,
"seedArr": "notSeed",
"colorb": "#FEEA9E",
"colorw": "#FEEA9E" 
},
{
 "id": "Bin.7.42",
"label": "Bin.7.42",
"size":       24,
"opacity":     0.39,
"fx": -36.82857,
"fy": 463.2114,
"fz":    271.2,
"origX": 0.018555,
"origY": 0.056062,
"origZ":  0.07246,
"seedArr": "notSeed",
"colorb": "#FDF2C9",
"colorw": "#FDF2C9" 
},
{
 "id": "Bin.7.38",
"label": "Bin.7.38",
"size":       24,
"opacity":     0.42,
"fx": -32.74857,
"fy": 401.3143,
"fz":   379.36,
"origX": 0.019269,
"origY":  0.04523,
"origZ": 0.091388,
"seedArr": "notSeed",
"colorb": "#FDF1C1",
"colorw": "#FDF1C1" 
},
{
 "id": "Bin.7.34",
"label": "Bin.7.34",
"size":       24,
"opacity":     0.39,
"fx": -26.66286,
"fy": 445.8857,
"fz": 313.0971,
"origX": 0.020334,
"origY":  0.05303,
"origZ": 0.079792,
"seedArr": "notSeed",
"colorb": "#FDF2C7",
"colorw": "#FDF2C7" 
},
{
 "id": "Bin.7.30",
"label": "Bin.7.30",
"size":       24,
"opacity":     0.53,
"fx": -491.7943,
"fy": -263.8286,
"fz": 354.5429,
"origX": -0.061064,
"origY": -0.07117,
"origZ": 0.087045,
"seedArr": "notSeed",
"colorb": "#FEEDA5",
"colorw": "#FEEDA5" 
},
{
 "id": "Bin.7.26",
"label": "Bin.7.26",
"size":       24,
"opacity":     0.59,
"fx": -170.7086,
"fy": 261.0171,
"fz": 652.3429,
"origX": -0.004874,
"origY": 0.020678,
"origZ":  0.13916,
"seedArr": "notSeed",
"colorb": "#FCCF8A",
"colorw": "#FCCF8A" 
},
{
 "id": "Bin.7.22",
"label": "Bin.7.22",
"size":       24,
"opacity":     0.51,
"fx": -432.0286,
"fy": 220.0286,
"fz": 514.5143,
"origX": -0.050605,
"origY": 0.013505,
"origZ":  0.11504,
"seedArr": "notSeed",
"colorb": "#FEEEA9",
"colorw": "#FEEEA9" 
},
{
 "id": "Bin.7.18",
"label": "Bin.7.18",
"size":       24,
"opacity":     0.38,
"fx": -179.8286,
"fy": -234.6457,
"fz": 216.4171,
"origX": -0.00647,
"origY": -0.066063,
"origZ": 0.062873,
"seedArr": "notSeed",
"colorb": "#FCF2CB",
"colorw": "#FCF2CB" 
},
{
 "id": "Bin.7.14",
"label": "Bin.7.14",
"size":       24,
"opacity":     0.53,
"fx": -125.9349,
"fy": -570.5714,
"fz": 39.20571,
"origX": 0.0029614,
"origY": -0.12485,
"origZ": 0.031861,
"seedArr": "notSeed",
"colorb": "#FEEDA4",
"colorw": "#FEEDA4" 
},
{
 "id": "Bin.7.10",
"label": "Bin.7.10",
"size":       24,
"opacity":     0.35,
"fx": -86.52171,
"fy": -254.7886,
"fz": 85.88571,
"origX": 0.0098587,
"origY": -0.069588,
"origZ":  0.04003,
"seedArr": "notSeed",
"colorb": "#FCF3D2",
"colorw": "#FCF3D2" 
},
{
 "id": "Bin.7.06",
"label": "Bin.7.06",
"size":       24,
"opacity":     0.43,
"fx": 212.7257,
"fy": 320.0686,
"fz": 307.5029,
"origX": 0.062227,
"origY": 0.031012,
"origZ": 0.078813,
"seedArr": "notSeed",
"colorb": "#FDF0BF",
"colorw": "#FDF0BF" 
},
{
 "id": "Bin.7.02",
"label": "Bin.7.02",
"size":       24,
"opacity":     0.62,
"fx": 290.8571,
"fy": 36.81143,
"fz": 553.4286,
"origX":   0.0759,
"origY": -0.018558,
"origZ":  0.12185,
"seedArr": "notSeed",
"colorb": "#FBBD7D",
"colorw": "#FBBD7D" 
},
{
 "id": "Bin.6.98",
"label": "Bin.6.98",
"size":       24,
"opacity":     0.46,
"fx": -38.82857,
"fy": -380.2571,
"fz": 221.4343,
"origX": 0.018205,
"origY": -0.091545,
"origZ": 0.063751,
"seedArr": "notSeed",
"colorb": "#FDEFB6",
"colorw": "#FDEFB6" 
},
{
 "id": "Bin.6.94",
"label": "Bin.6.94",
"size":       24,
"opacity":     0.77,
"fx": -118.6749,
"fy": -744.9714,
"fz": 587.4286,
"origX": 0.0042319,
"origY": -0.15537,
"origZ":   0.1278,
"seedArr": "notSeed",
"colorb": "#F1502F",
"colorw": "#F1502F" 
},
{
 "id": "Bin.6.90",
"label": "Bin.6.90",
"size":       24,
"opacity":     0.74,
"fx": 22.71429,
"fy": -626.6286,
"fz": 448.9143,
"origX": 0.028975,
"origY": -0.13466,
"origZ":  0.10356,
"seedArr": "notSeed",
"colorb": "#F36740",
"colorw": "#F36740" 
},
{
 "id": "Bin.6.86",
"label": "Bin.6.86",
"size":       24,
"opacity":     0.75,
"fx": -88.35429,
"fy": -756.6286,
"fz": 459.0286,
"origX": 0.009538,
"origY": -0.15741,
"origZ":  0.10533,
"seedArr": "notSeed",
"colorb": "#F35E39",
"colorw": "#F35E39" 
},
{
 "id": "Bin.6.82",
"label": "Bin.6.82",
"size":       24,
"opacity":     0.57,
"fx": 378.9086,
"fy": -283.5371,
"fz": 249.8057,
"origX": 0.091309,
"origY": -0.074619,
"origZ": 0.068716,
"seedArr": "notSeed",
"colorb": "#FEE197",
"colorw": "#FEE197" 
},
{
 "id": "Bin.6.78",
"label": "Bin.6.78",
"size":       24,
"opacity":     0.79,
"fx": -92.19714,
"fy": -763.3714,
"fz": 682.3429,
"origX": 0.0088655,
"origY": -0.15859,
"origZ":  0.14441,
"seedArr": "notSeed",
"colorb": "#F04225",
"colorw": "#F04225" 
},
{
 "id": "Bin.6.74",
"label": "Bin.6.74",
"size":       24,
"opacity":     0.79,
"fx": -56.27429,
"fy": -751.4286,
"fz": 696.0571,
"origX": 0.015152,
"origY":  -0.1565,
"origZ":  0.14681,
"seedArr": "notSeed",
"colorb": "#F04023",
"colorw": "#F04023" 
},
{
 "id": "Bin.6.70",
"label": "Bin.6.70",
"size":       24,
"opacity":     0.79,
"fx": -75.33714,
"fy": -758.7429,
"fz": 709.4857,
"origX": 0.011816,
"origY": -0.15778,
"origZ":  0.14916,
"seedArr": "notSeed",
"colorb": "#F03E22",
"colorw": "#F03E22" 
},
{
 "id": "Bin.6.66",
"label": "Bin.6.66",
"size":       24,
"opacity":      0.8,
"fx":  -164.18,
"fy": -764.3429,
"fz": 740.4571,
"origX": -0.0037315,
"origY": -0.15876,
"origZ":  0.15458,
"seedArr": "notSeed",
"colorb": "#F03C21",
"colorw": "#F03C21" 
},
{
 "id": "Bin.6.62",
"label": "Bin.6.62",
"size":       24,
"opacity":     0.77,
"fx": -275.0971,
"fy":   -551.6,
"fz": 797.3143,
"origX": -0.023142,
"origY": -0.12153,
"origZ":  0.16453,
"seedArr": "notSeed",
"colorb": "#F14E2E",
"colorw": "#F14E2E" 
},
{
 "id": "Bin.6.58",
"label": "Bin.6.58",
"size":       24,
"opacity":     0.76,
"fx": -288.4514,
"fy": -504.6857,
"fz": 784.5143,
"origX": -0.025479,
"origY": -0.11332,
"origZ":  0.16229,
"seedArr": "notSeed",
"colorb": "#F25533",
"colorw": "#F25533" 
},
{
 "id": "Bin.6.54",
"label": "Bin.6.54",
"size":       24,
"opacity":     0.76,
"fx": -288.4514,
"fy": -411.7886,
"fz": 785.3714,
"origX": -0.025479,
"origY": -0.097063,
"origZ":  0.16244,
"seedArr": "notSeed",
"colorb": "#F25935",
"colorw": "#F25935" 
},
{
 "id": "Bin.6.50",
"label": "Bin.6.50",
"size":       24,
"opacity":     0.44,
"fx": -439.7829,
"fy": 430.2057,
"fz": 304.8629,
"origX": -0.051962,
"origY": 0.050286,
"origZ": 0.078351,
"seedArr": "notSeed",
"colorb": "#FDF0BC",
"colorw": "#FDF0BC" 
},
{
 "id": "Bin.6.46",
"label": "Bin.6.46",
"size":       24,
"opacity":     0.45,
"fx": -390.9486,
"fy":   482.96,
"fz": 320.6914,
"origX": -0.043416,
"origY": 0.059518,
"origZ": 0.081121,
"seedArr": "notSeed",
"colorb": "#FDF0BA",
"colorw": "#FDF0BA" 
},
{
 "id": "Bin.6.42",
"label": "Bin.6.42",
"size":       24,
"opacity":     0.74,
"fx": -374.5943,
"fy": -233.4457,
"fz": 764.0571,
"origX": -0.040554,
"origY": -0.065853,
"origZ":  0.15871,
"seedArr": "notSeed",
"colorb": "#F3653E",
"colorw": "#F3653E" 
},
{
 "id": "Bin.6.38",
"label": "Bin.6.38",
"size":       24,
"opacity":     0.45,
"fx": -464.2057,
"fy": 454.5429,
"fz": 308.0171,
"origX": -0.056236,
"origY": 0.054545,
"origZ": 0.078903,
"seedArr": "notSeed",
"colorb": "#FDF0B9",
"colorw": "#FDF0B9" 
},
{
 "id": "Bin.6.34",
"label": "Bin.6.34",
"size":       24,
"opacity":     0.74,
"fx":  -366.16,
"fy": -201.7143,
"fz": 781.4286,
"origX": -0.039078,
"origY":  -0.0603,
"origZ":  0.16175,
"seedArr": "notSeed",
"colorb": "#F3643D",
"colorw": "#F3643D" 
},
{
 "id": "Bin.6.30",
"label": "Bin.6.30",
"size":       24,
"opacity":     0.46,
"fx": -485.2629,
"fy": 444.4457,
"fz": 299.9943,
"origX": -0.059921,
"origY": 0.052778,
"origZ": 0.077499,
"seedArr": "notSeed",
"colorb": "#FDF0B7",
"colorw": "#FDF0B7" 
},
{
 "id": "Bin.4.38",
"label": "Bin.4.38",
"size":       24,
"opacity":     0.35,
"fx": -413.5371,
"fy":   276.56,
"fz": -483.0514,
"origX": -0.047369,
"origY": 0.023398,
"origZ": -0.059534,
"seedArr": "notSeed",
"colorb": "#FCF3D3",
"colorw": "#FCF3D3" 
},
{
 "id": "Bin.4.34",
"label": "Bin.4.34",
"size":       24,
"opacity":     0.45,
"fx": 179.1371,
"fy": 651.8743,
"fz": -345.4057,
"origX": 0.056349,
"origY": 0.089078,
"origZ": -0.035446,
"seedArr": "notSeed",
"colorb": "#FDF0B8",
"colorw": "#FDF0B8" 
},
{
 "id": "Bin.4.30",
"label": "Bin.4.30",
"size":       24,
"opacity":      0.4,
"fx": 279.8171,
"fy": 512.6914,
"fz": -107.1171,
"origX": 0.073968,
"origY": 0.064721,
"origZ": 0.0062545,
"seedArr": "notSeed",
"colorb": "#FDF1C6",
"colorw": "#FDF1C6" 
},
{
 "id": "Bin.4.26",
"label": "Bin.4.26",
"size":       24,
"opacity":     0.48,
"fx": 466.1714,
"fy":   355.16,
"fz": 20.90286,
"origX":  0.10658,
"origY": 0.037153,
"origZ": 0.028658,
"seedArr": "notSeed",
"colorb": "#FEEFB0",
"colorw": "#FEEFB0" 
},
{
 "id": "Bin.4.22",
"label": "Bin.4.22",
"size":       24,
"opacity":     0.56,
"fx": 340.1886,
"fy": 727.6571,
"fz":   -59.08,
"origX": 0.084533,
"origY":  0.10234,
"origZ": 0.014661,
"seedArr": "notSeed",
"colorb": "#FEE49A",
"colorw": "#FEE49A" 
},
{
 "id": "Bin.4.18",
"label": "Bin.4.18",
"size":       24,
"opacity":     0.41,
"fx":   203.56,
"fy": 592.7257,
"fz": -47.30286,
"origX": 0.060623,
"origY": 0.078727,
"origZ": 0.016722,
"seedArr": "notSeed",
"colorb": "#FDF1C4",
"colorw": "#FDF1C4" 
},
{
 "id": "Bin.4.14",
"label": "Bin.4.14",
"size":       24,
"opacity":     0.48,
"fx": 354.4514,
"fy": 545.5486,
"fz":  -295.56,
"origX": 0.087029,
"origY": 0.070471,
"origZ": -0.026723,
"seedArr": "notSeed",
"colorb": "#FEEFB2",
"colorw": "#FEEFB2" 
},
{
 "id": "Bin.4.10",
"label": "Bin.4.10",
"size":       24,
"opacity":     0.43,
"fx": 195.4971,
"fy": 578.8057,
"fz": -394.8171,
"origX": 0.059212,
"origY": 0.076291,
"origZ": -0.044093,
"seedArr": "notSeed",
"colorb": "#FDF0BE",
"colorw": "#FDF0BE" 
},
{
 "id": "Bin.4.06",
"label": "Bin.4.06",
"size":       24,
"opacity":      0.4,
"fx": -562.3486,
"fy": 129.3143,
"fz": 238.6457,
"origX": -0.073411,
"origY": -0.00237,
"origZ": 0.066763,
"seedArr": "notSeed",
"colorb": "#FDF1C5",
"colorw": "#FDF1C5" 
},
{
 "id": "Bin.4.02",
"label": "Bin.4.02",
"size":       24,
"opacity":     0.31,
"fx": -38.23429,
"fy": 367.2229,
"fz": -217.0971,
"origX": 0.018309,
"origY": 0.039264,
"origZ": -0.012992,
"seedArr": "notSeed",
"colorb": "#FCF4DC",
"colorw": "#FCF4DC" 
},
{
 "id": "Bin.4.04",
"label": "Bin.4.04",
"size":       24,
"opacity":     0.37,
"fx": -525.5371,
"fy": 170.5497,
"fz": 204.5543,
"origX": -0.066969,
"origY": 0.0048462,
"origZ": 0.060797,
"seedArr": "notSeed",
"colorb": "#FCF2CD",
"colorw": "#FCF2CD" 
},
{
 "id": "Bin.3.98",
"label": "Bin.3.98",
"size":       24,
"opacity":      0.5,
"fx": -816.6286,
"fy": 137.7397,
"fz": 71.05714,
"origX": -0.11791,
"origY": -0.00089556,
"origZ": 0.037435,
"seedArr": "notSeed",
"colorb": "#FEEEAB",
"colorw": "#FEEEAB" 
},
{
 "id": "Bin.3.94",
"label": "Bin.3.94",
"size":       24,
"opacity":     0.34,
"fx": -275.0743,
"fy": 207.5771,
"fz": -530.9314,
"origX": -0.023138,
"origY": 0.011326,
"origZ": -0.067913,
"seedArr": "notSeed",
"colorb": "#FCF3D6",
"colorw": "#FCF3D6" 
},
{
 "id": "Bin.3.90",
"label": "Bin.3.90",
"size":       24,
"opacity":      0.6,
"fx": 311.0629,
"fy": 610.1143,
"fz":  -636.76,
"origX": 0.079436,
"origY":  0.08177,
"origZ": -0.086433,
"seedArr": "notSeed",
"colorb": "#FBC684",
"colorw": "#FBC684" 
},
{
 "id": "Bin.3.86",
"label": "Bin.3.86",
"size":       24,
"opacity":     0.65,
"fx": 327.5657,
"fy": 613.2229,
"fz": -698.0457,
"origX": 0.082324,
"origY": 0.082314,
"origZ": -0.097158,
"seedArr": "notSeed",
"colorb": "#F8A46B",
"colorw": "#F8A46B" 
},
{
 "id": "Bin.3.82",
"label": "Bin.3.82",
"size":       24,
"opacity":     0.54,
"fx": 50.96571,
"fy": 753.7143,
"fz": -508.7829,
"origX": 0.033919,
"origY":   0.1069,
"origZ": -0.064037,
"seedArr": "notSeed",
"colorb": "#FEEDA3",
"colorw": "#FEEDA3" 
},
{
 "id": "Bin.3.78",
"label": "Bin.3.78",
"size":       24,
"opacity":     0.47,
"fx": 127.4743,
"fy":   556.16,
"fz": -567.5714,
"origX": 0.047308,
"origY": 0.072328,
"origZ": -0.074325,
"seedArr": "notSeed",
"colorb": "#FEEFB4",
"colorw": "#FEEFB4" 
},
{
 "id": "Bin.3.74",
"label": "Bin.3.74",
"size":       24,
"opacity":     0.49,
"fx": 387.0686,
"fy": 414.0571,
"fz":  -489.44,
"origX": 0.092737,
"origY":  0.04746,
"origZ": -0.060652,
"seedArr": "notSeed",
"colorb": "#FEEEAE",
"colorw": "#FEEEAE" 
},
{
 "id": "Bin.3.70",
"label": "Bin.3.70",
"size":       24,
"opacity":      0.7,
"fx": 316.0114,
"fy": 909.4857,
"fz":   -238.8,
"origX": 0.080302,
"origY":  0.13416,
"origZ": -0.01679,
"seedArr": "notSeed",
"colorb": "#F68454",
"colorw": "#F68454" 
},
{
 "id": "Bin.3.66",
"label": "Bin.3.66",
"size":       24,
"opacity":     0.52,
"fx":    64.32,
"fy": 727.3143,
"fz": 230.7543,
"origX": 0.036256,
"origY":  0.10228,
"origZ": 0.065382,
"seedArr": "notSeed",
"colorb": "#FEEEA8",
"colorw": "#FEEEA8" 
},
{
 "id": "Bin.3.62",
"label": "Bin.3.62",
"size":       24,
"opacity":     0.49,
"fx": 79.15429,
"fy": 725.2571,
"fz": 103.3771,
"origX": 0.038852,
"origY":  0.10192,
"origZ": 0.043091,
"seedArr": "notSeed",
"colorb": "#FEEFB0",
"colorw": "#FEEFB0" 
},
{
 "id": "Bin.3.58",
"label": "Bin.3.58",
"size":       24,
"opacity":     0.42,
"fx": -412.8971,
"fy": -15.22857,
"fz": -648.0514,
"origX": -0.047257,
"origY": -0.027665,
"origZ": -0.088409,
"seedArr": "notSeed",
"colorb": "#FDF1C0",
"colorw": "#FDF1C0" 
},
{
 "id": "Bin.3.54",
"label": "Bin.3.54",
"size":       24,
"opacity":     0.47,
"fx":   217.64,
"fy":   565.96,
"fz": -482.1657,
"origX": 0.063087,
"origY": 0.074043,
"origZ": -0.059379,
"seedArr": "notSeed",
"colorb": "#FDEFB5",
"colorw": "#FDEFB5" 
},
{
 "id": "Bin.3.50",
"label": "Bin.3.50",
"size":       24,
"opacity":     0.58,
"fx":   235.76,
"fy": 527.0229,
"fz": -723.0286,
"origX": 0.066258,
"origY": 0.067229,
"origZ": -0.10153,
"seedArr": "notSeed",
"colorb": "#FDD891",
"colorw": "#FDD891" 
},
{
 "id": "Bin.3.46",
"label": "Bin.3.46",
"size":       24,
"opacity":     0.58,
"fx": 124.4514,
"fy": 524.8971,
"fz": -791.6571,
"origX": 0.046779,
"origY": 0.066857,
"origZ": -0.11354,
"seedArr": "notSeed",
"colorb": "#FCD48E",
"colorw": "#FCD48E" 
},
{
 "id": "Bin.3.42",
"label": "Bin.3.42",
"size":       24,
"opacity":     0.51,
"fx": 22.66286,
"fy": 311.8343,
"fz": -812.9714,
"origX": 0.028966,
"origY": 0.029571,
"origZ": -0.11727,
"seedArr": "notSeed",
"colorb": "#FEEEAB",
"colorw": "#FEEEAB" 
},
{
 "id": "Bin.3.38",
"label": "Bin.3.38",
"size":       24,
"opacity":     0.62,
"fx": 241.6457,
"fy": 572.4171,
"fz": -741.0857,
"origX": 0.067288,
"origY": 0.075173,
"origZ": -0.10469,
"seedArr": "notSeed",
"colorb": "#FABB7C",
"colorw": "#FABB7C" 
},
{
 "id": "Bin.3.34",
"label": "Bin.3.34",
"size":       24,
"opacity":     0.35,
"fx": -424.9029,
"fy": 23.53714,
"fz": -493.1429,
"origX": -0.049358,
"origY": -0.020881,
"origZ":  -0.0613,
"seedArr": "notSeed",
"colorb": "#FCF3D1",
"colorw": "#FCF3D1" 
},
{
 "id": "Bin.3.30",
"label": "Bin.3.30",
"size":       24,
"opacity":     0.37,
"fx": -252.3086,
"fy": -349.5143,
"fz": -248.7657,
"origX": -0.019154,
"origY": -0.086165,
"origZ": -0.018534,
"seedArr": "notSeed",
"colorb": "#FCF2CD",
"colorw": "#FCF2CD" 
},
{
 "id": "Bin.3.26",
"label": "Bin.3.26",
"size":       24,
"opacity":      0.3,
"fx": -241.3143,
"fy":   96.176,
"fz": -79.33143,
"origX": -0.01723,
"origY": -0.0081692,
"origZ": 0.011117,
"seedArr": "notSeed",
"colorb": "#FCF5DF",
"colorw": "#FCF5DF" 
},
{
 "id": "Bin.3.22",
"label": "Bin.3.22",
"size":       24,
"opacity":     0.36,
"fx": 36.88571,
"fy": 458.1886,
"fz": -466.2229,
"origX": 0.031455,
"origY": 0.055183,
"origZ": -0.056589,
"seedArr": "notSeed",
"colorb": "#FCF3CF",
"colorw": "#FCF3CF" 
},
{
 "id": "Bin.3.18",
"label": "Bin.3.18",
"size":       24,
"opacity":      0.4,
"fx": -495.2514,
"fy": 302.1429,
"fz": -563.4686,
"origX": -0.061669,
"origY": 0.027875,
"origZ": -0.073607,
"seedArr": "notSeed",
"colorb": "#FDF1C5",
"colorw": "#FDF1C5" 
},
{
 "id": "Bin.3.14",
"label": "Bin.3.14",
"size":       24,
"opacity":     0.57,
"fx": -650.9771,
"fy": -351.4629,
"fz": -486.5371,
"origX": -0.088921,
"origY": -0.086506,
"origZ": -0.060144,
"seedArr": "notSeed",
"colorb": "#FDDD95",
"colorw": "#FDDD95" 
},
{
 "id": "Bin.3.10",
"label": "Bin.3.10",
"size":       24,
"opacity":     0.31,
"fx": 72.87429,
"fy": 15.93714,
"fz": -254.3086,
"origX": 0.037753,
"origY": -0.022211,
"origZ": -0.019504,
"seedArr": "notSeed",
"colorb": "#FCF4DB",
"colorw": "#FCF4DB" 
},
{
 "id": "Bin.3.06",
"label": "Bin.3.06",
"size":       24,
"opacity":     0.41,
"fx": -502.1314,
"fy": -116.8457,
"fz": 231.3829,
"origX": -0.062873,
"origY": -0.045448,
"origZ": 0.065492,
"seedArr": "notSeed",
"colorb": "#FDF1C2",
"colorw": "#FDF1C2" 
},
{
 "id": "Bin.3.02",
"label": "Bin.3.02",
"size":       24,
"opacity":     0.32,
"fx": -328.9829,
"fy": 343.7429,
"fz":    34.68,
"origX": -0.032572,
"origY": 0.035155,
"origZ": 0.031069,
"seedArr": "notSeed",
"colorb": "#FCF4D9",
"colorw": "#FCF4D9" 
},
{
 "id": "Bin.3.04",
"label": "Bin.3.04",
"size":       24,
"opacity":     0.43,
"fx": -540.6686,
"fy": -73.27429,
"fz": 262.1771,
"origX": -0.069617,
"origY": -0.037823,
"origZ": 0.070881,
"seedArr": "notSeed",
"colorb": "#FDF0BD",
"colorw": "#FDF0BD" 
},
{
 "id": "Bin.2.98",
"label": "Bin.2.98",
"size":       24,
"opacity":     0.35,
"fx": 237.5543,
"fy":   -56.48,
"fz": -309.9029,
"origX": 0.066572,
"origY": -0.034884,
"origZ": -0.029233,
"seedArr": "notSeed",
"colorb": "#FCF3D2",
"colorw": "#FCF3D2" 
},
{
 "id": "Bin.2.94",
"label": "Bin.2.94",
"size":       24,
"opacity":     0.36,
"fx": -51.64571,
"fy": -117.6514,
"fz": -529.1371,
"origX": 0.015962,
"origY": -0.045589,
"origZ": -0.067599,
"seedArr": "notSeed",
"colorb": "#FCF3D1",
"colorw": "#FCF3D1" 
},
{
 "id": "Bin.2.90",
"label": "Bin.2.90",
"size":       24,
"opacity":     0.31,
"fx": -169.2011,
"fy": 180.1463,
"fz": -352.2229,
"origX": -0.0046102,
"origY": 0.0065256,
"origZ": -0.036639,
"seedArr": "notSeed",
"colorb": "#FCF4DD",
"colorw": "#FCF4DD" 
},
{
 "id": "Bin.2.86",
"label": "Bin.2.86",
"size":       24,
"opacity":     0.33,
"fx": 113.4971,
"fy": 277.7371,
"fz": -336.8629,
"origX": 0.044862,
"origY": 0.023604,
"origZ": -0.033951,
"seedArr": "notSeed",
"colorb": "#FCF4D8",
"colorw": "#FCF4D8" 
},
{
 "id": "Bin.2.82",
"label": "Bin.2.82",
"size":       24,
"opacity":     0.32,
"fx": -56.10857,
"fy": 99.80857,
"fz":  -406.16,
"origX": 0.015181,
"origY": -0.0075335,
"origZ": -0.046078,
"seedArr": "notSeed",
"colorb": "#FCF4DB",
"colorw": "#FCF4DB" 
},
{
 "id": "Bin.2.78",
"label": "Bin.2.78",
"size":       24,
"opacity":     0.32,
"fx": 61.15429,
"fy": -45.45714,
"fz": -309.0114,
"origX": 0.035702,
"origY": -0.032955,
"origZ": -0.029077,
"seedArr": "notSeed",
"colorb": "#FCF4DA",
"colorw": "#FCF4DA" 
},
{
 "id": "Bin.2.74",
"label": "Bin.2.74",
"size":       24,
"opacity":     0.34,
"fx": -298.2171,
"fy":  -213.48,
"fz":      8.6,
"origX": -0.027188,
"origY": -0.062359,
"origZ": 0.026505,
"seedArr": "notSeed",
"colorb": "#FCF3D5",
"colorw": "#FCF3D5" 
},
{
 "id": "Bin.2.70",
"label": "Bin.2.70",
"size":       24,
"opacity":     0.71,
"fx": -824.2286,
"fy": -337.0914,
"fz": -540.4343,
"origX": -0.11924,
"origY": -0.083991,
"origZ": -0.069576,
"seedArr": "notSeed",
"colorb": "#F5774B",
"colorw": "#F5774B" 
},
{
 "id": "Bin.2.66",
"label": "Bin.2.66",
"size":       24,
"opacity":     0.67,
"fx": -724.5143,
"fy":  -309.24,
"fz": -627.5257,
"origX": -0.10179,
"origY": -0.079117,
"origZ": -0.084817,
"seedArr": "notSeed",
"colorb": "#F79460",
"colorw": "#F79460" 
},
{
 "id": "Bin.2.62",
"label": "Bin.2.62",
"size":       24,
"opacity":     0.72,
"fx":  -464.16,
"fy": -455.3714,
"fz": -792.9714,
"origX": -0.056228,
"origY": -0.10469,
"origZ": -0.11377,
"seedArr": "notSeed",
"colorb": "#F47046",
"colorw": "#F47046" 
},
{
 "id": "Bin.2.58",
"label": "Bin.2.58",
"size":       24,
"opacity":     0.71,
"fx": -601.1429,
"fy":   -551.2,
"fz":  -520.96,
"origX":  -0.0802,
"origY": -0.12146,
"origZ": -0.066168,
"seedArr": "notSeed",
"colorb": "#F57D4F",
"colorw": "#F57D4F" 
},
{
 "id": "Bin.2.54",
"label": "Bin.2.54",
"size":       24,
"opacity":     0.72,
"fx": -834.5714,
"fy": -326.5543,
"fz": -572.5086,
"origX": -0.12105,
"origY": -0.082147,
"origZ": -0.075189,
"seedArr": "notSeed",
"colorb": "#F47247",
"colorw": "#F47247" 
},
{
 "id": "Bin.2.50",
"label": "Bin.2.50",
"size":       24,
"opacity":      0.7,
"fx":  -399.12,
"fy":   -533.2,
"fz":   -690.8,
"origX": -0.044846,
"origY": -0.11831,
"origZ": -0.09589,
"seedArr": "notSeed",
"colorb": "#F58052",
"colorw": "#F58052" 
},
{
 "id": "Bin.2.46",
"label": "Bin.2.46",
"size":       24,
"opacity":     0.73,
"fx": -383.3657,
"fy": -314.3314,
"fz": -966.1714,
"origX": -0.042089,
"origY": -0.080008,
"origZ": -0.14408,
"seedArr": "notSeed",
"colorb": "#F36941",
"colorw": "#F36941" 
},
{
 "id": "Bin.2.42",
"label": "Bin.2.42",
"size":       24,
"opacity":     0.44,
"fx": -37.99429,
"fy": 221.2457,
"fz": -748.5143,
"origX": 0.018351,
"origY": 0.013718,
"origZ": -0.10599,
"seedArr": "notSeed",
"colorb": "#FDF0BA",
"colorw": "#FDF0BA" 
},
{
 "id": "Bin.2.38",
"label": "Bin.2.38",
"size":       24,
"opacity":     0.64,
"fx": 238.6571,
"fy": -44.13143,
"fz": -885.0286,
"origX": 0.066765,
"origY": -0.032723,
"origZ": -0.12988,
"seedArr": "notSeed",
"colorb": "#F9AB71",
"colorw": "#F9AB71" 
},
{
 "id": "Bin.2.34",
"label": "Bin.2.34",
"size":       24,
"opacity":     0.33,
"fx": -328.9086,
"fy":   214.64,
"fz": 207.5714,
"origX": -0.032559,
"origY": 0.012562,
"origZ": 0.061325,
"seedArr": "notSeed",
"colorb": "#FCF3D6",
"colorw": "#FCF3D6" 
},
{
 "id": "Bin.2.30",
"label": "Bin.2.30",
"size":       24,
"opacity":     0.49,
"fx": 474.0571,
"fy": 297.8114,
"fz": -389.3886,
"origX":  0.10796,
"origY": 0.027117,
"origZ": -0.043143,
"seedArr": "notSeed",
"colorb": "#FEEEAE",
"colorw": "#FEEEAE" 
},
{
 "id": "Bin.2.26",
"label": "Bin.2.26",
"size":       24,
"opacity":      0.5,
"fx": 315.7657,
"fy": 634.5371,
"fz": 32.52571,
"origX": 0.080259,
"origY": 0.086044,
"origZ": 0.030692,
"seedArr": "notSeed",
"colorb": "#FEEEAC",
"colorw": "#FEEEAC" 
},
{
 "id": "Bin.2.22",
"label": "Bin.2.22",
"size":       24,
"opacity":     0.57,
"fx": 432.5714,
"fy": 311.7429,
"fz": -648.6971,
"origX":   0.1007,
"origY": 0.029555,
"origZ": -0.088522,
"seedArr": "notSeed",
"colorb": "#FDDF96",
"colorw": "#FDDF96" 
},
{
 "id": "Bin.2.18",
"label": "Bin.2.18",
"size":       24,
"opacity":     0.42,
"fx": -106.6703,
"fy": -377.7486,
"fz": -431.2971,
"origX": 0.0063327,
"origY": -0.091106,
"origZ": -0.050477,
"seedArr": "notSeed",
"colorb": "#FDF1BF",
"colorw": "#FDF1BF" 
},
{
 "id": "Bin.2.14",
"label": "Bin.2.14",
"size":       24,
"opacity":      0.5,
"fx": 286.5143,
"fy": 13.46286,
"fz": -682.6571,
"origX":  0.07514,
"origY": -0.022644,
"origZ": -0.094465,
"seedArr": "notSeed",
"colorb": "#FEEEAC",
"colorw": "#FEEEAC" 
},
{
 "id": "Bin.2.10",
"label": "Bin.2.10",
"size":       24,
"opacity":     0.56,
"fx": 609.3714,
"fy": 75.82857,
"fz": -70.86286,
"origX":  0.13164,
"origY": -0.01173,
"origZ": 0.012599,
"seedArr": "notSeed",
"colorb": "#FEE89C",
"colorw": "#FEE89C" 
},
{
 "id": "Bin.2.06",
"label": "Bin.2.06",
"size":       24,
"opacity":     0.46,
"fx": 387.8114,
"fy": -229.6286,
"fz": -142.8509,
"origX": 0.092867,
"origY": -0.065185,
"origZ": 1.0915e-06,
"seedArr": "notSeed",
"colorb": "#FDEFB5",
"colorw": "#FDEFB5" 
},
{
 "id": "Bin.2.02",
"label": "Bin.2.02",
"size":       24,
"opacity":     0.39,
"fx": 365.5714,
"fy": -56.17714,
"fz": -235.7486,
"origX": 0.088975,
"origY": -0.034831,
"origZ": -0.016256,
"seedArr": "notSeed",
"colorb": "#FDF2C8",
"colorw": "#FDF2C8" 
},
{
 "id": "Bin.1.98",
"label": "Bin.1.98",
"size":       24,
"opacity":     0.52,
"fx":    508.8,
"fy": -175.4229,
"fz": -157.8046,
"origX":  0.11404,
"origY": -0.055699,
"origZ": -0.0026158,
"seedArr": "notSeed",
"colorb": "#FEEEA7",
"colorw": "#FEEEA7" 
},
{
 "id": "Bin.1.94",
"label": "Bin.1.94",
"size":       24,
"opacity":     0.42,
"fx": 427.2971,
"fy": 53.19429,
"fz": -17.88571,
"origX": 0.099777,
"origY": -0.015691,
"origZ":  0.02187,
"seedArr": "notSeed",
"colorb": "#FDF1C1",
"colorw": "#FDF1C1" 
},
{
 "id": "Bin.1.90",
"label": "Bin.1.90",
"size":       24,
"opacity":     0.43,
"fx": 441.0286,
"fy": 303.4914,
"fz": -106.792,
"origX":  0.10218,
"origY": 0.028111,
"origZ": 0.0063114,
"seedArr": "notSeed",
"colorb": "#FDF0BE",
"colorw": "#FDF0BE" 
},
{
 "id": "Bin.1.86",
"label": "Bin.1.86",
"size":       24,
"opacity":     0.61,
"fx": 523.0286,
"fy": -337.7771,
"fz": -81.41714,
"origX":  0.11653,
"origY": -0.084111,
"origZ": 0.010752,
"seedArr": "notSeed",
"colorb": "#FBBF7F",
"colorw": "#FBBF7F" 
},
{
 "id": "Bin.1.82",
"label": "Bin.1.82",
"size":       24,
"opacity":      0.6,
"fx": 479.0857,
"fy": -374.8286,
"fz": -134.0463,
"origX":  0.10884,
"origY": -0.090595,
"origZ": 0.0015419,
"seedArr": "notSeed",
"colorb": "#FCCB88",
"colorw": "#FCCB88" 
},
{
 "id": "Bin.1.78",
"label": "Bin.1.78",
"size":       24,
"opacity":     0.59,
"fx":    511.6,
"fy": -313.4343,
"fz": -196.0154,
"origX":  0.11453,
"origY": -0.079851,
"origZ": -0.0093027,
"seedArr": "notSeed",
"colorb": "#FCD38D",
"colorw": "#FCD38D" 
},
{
 "id": "Bin.1.74",
"label": "Bin.1.74",
"size":       24,
"opacity":     0.61,
"fx": 555.9429,
"fy": -229.4229,
"fz": -356.6857,
"origX":  0.12229,
"origY": -0.065149,
"origZ": -0.03742,
"seedArr": "notSeed",
"colorb": "#FBC281",
"colorw": "#FBC281" 
},
{
 "id": "Bin.1.70",
"label": "Bin.1.70",
"size":       24,
"opacity":     0.61,
"fx": 623.7143,
"fy": -127.1657,
"fz": -237.2343,
"origX":  0.13415,
"origY": -0.047254,
"origZ": -0.016516,
"seedArr": "notSeed",
"colorb": "#FBC483",
"colorw": "#FBC483" 
},
{
 "id": "Bin.1.66",
"label": "Bin.1.66",
"size":       24,
"opacity":     0.59,
"fx": 606.1714,
"fy": -133.5314,
"fz": -207.4171,
"origX":  0.13108,
"origY": -0.048368,
"origZ": -0.011298,
"seedArr": "notSeed",
"colorb": "#FCD18C",
"colorw": "#FCD18C" 
},
{
 "id": "Bin.1.62",
"label": "Bin.1.62",
"size":       24,
"opacity":     0.62,
"fx": 631.1429,
"fy": -108.6914,
"fz": -312.9771,
"origX":  0.13545,
"origY": -0.044021,
"origZ": -0.029771,
"seedArr": "notSeed",
"colorb": "#FAB87A",
"colorw": "#FAB87A" 
},
{
 "id": "Bin.1.58",
"label": "Bin.1.58",
"size":       24,
"opacity":      0.6,
"fx": 560.4571,
"fy": -187.9886,
"fz": -379.2171,
"origX":  0.12308,
"origY": -0.057898,
"origZ": -0.041363,
"seedArr": "notSeed",
"colorb": "#FCCA86",
"colorw": "#FCCA86" 
},
{
 "id": "Bin.1.54",
"label": "Bin.1.54",
"size":       24,
"opacity":     0.41,
"fx": 422.6743,
"fy":    84.44,
"fz": -251.2171,
"origX": 0.098968,
"origY": -0.010223,
"origZ": -0.018963,
"seedArr": "notSeed",
"colorb": "#FDF1C3",
"colorw": "#FDF1C3" 
},
{
 "id": "Bin.1.50",
"label": "Bin.1.50",
"size":       24,
"opacity":     0.68,
"fx": 532.1714,
"fy": -250.8514,
"fz": -562.4629,
"origX":  0.11813,
"origY": -0.068899,
"origZ": -0.073431,
"seedArr": "notSeed",
"colorb": "#F68D5B",
"colorw": "#F68D5B" 
},
{
 "id": "Bin.1.46",
"label": "Bin.1.46",
"size":       24,
"opacity":     0.56,
"fx": 551.3143,
"fy": 47.39429,
"fz": -482.3429,
"origX":  0.12148,
"origY": -0.016706,
"origZ": -0.05941,
"seedArr": "notSeed",
"colorb": "#FEE398",
"colorw": "#FEE398" 
},
{
 "id": "Bin.1.42",
"label": "Bin.1.42",
"size":       24,
"opacity":     0.69,
"fx": 673.0857,
"fy": -126.8571,
"fz": -367.6743,
"origX":  0.14279,
"origY":  -0.0472,
"origZ": -0.039343,
"seedArr": "notSeed",
"colorb": "#F68B59",
"colorw": "#F68B59" 
},
{
 "id": "Bin.1.38",
"label": "Bin.1.38",
"size":       24,
"opacity":     0.52,
"fx": 534.5143,
"fy": -122.6057,
"fz": -181.156,
"origX":  0.11854,
"origY": -0.046456,
"origZ": -0.0067023,
"seedArr": "notSeed",
"colorb": "#FEEDA6",
"colorw": "#FEEDA6" 
},
{
 "id": "Bin.1.34",
"label": "Bin.1.34",
"size":       24,
"opacity":     0.59,
"fx": 247.2171,
"fy": 631.4914,
"fz": -654.8286,
"origX": 0.068263,
"origY": 0.085511,
"origZ": -0.089595,
"seedArr": "notSeed",
"colorb": "#FCCD89",
"colorw": "#FCCD89" 
},
{
 "id": "Bin.1.30",
"label": "Bin.1.30",
"size":       24,
"opacity":     0.51,
"fx":   129.56,
"fy": 326.6686,
"fz": -782.4571,
"origX": 0.047673,
"origY": 0.032167,
"origZ": -0.11193,
"seedArr": "notSeed",
"colorb": "#FEEEA9",
"colorw": "#FEEEA9" 
},
{
 "id": "Bin.1.26",
"label": "Bin.1.26",
"size":       24,
"opacity":     0.75,
"fx": -126.4589,
"fy": -507.4286,
"fz":   -976.8,
"origX": 0.0028697,
"origY":  -0.1138,
"origZ": -0.14594,
"seedArr": "notSeed",
"colorb": "#F3603B",
"colorw": "#F3603B" 
},
{
 "id": "Bin.1.22",
"label": "Bin.1.22",
"size":       24,
"opacity":     0.58,
"fx":    64.08,
"fy": -234.9429,
"fz":   -805.6,
"origX": 0.036214,
"origY": -0.066115,
"origZ": -0.11598,
"seedArr": "notSeed",
"colorb": "#FDDA92",
"colorw": "#FDDA92" 
},
{
 "id": "Bin.1.18",
"label": "Bin.1.18",
"size":       24,
"opacity":     0.44,
"fx":   282.84,
"fy": 188.6223,
"fz": -574.4057,
"origX": 0.074497,
"origY": 0.0080089,
"origZ": -0.075521,
"seedArr": "notSeed",
"colorb": "#FDF0BC",
"colorw": "#FDF0BC" 
},
{
 "id": "Bin.1.14",
"label": "Bin.1.14",
"size":       24,
"opacity":     0.34,
"fx": 271.6514,
"fy": 15.57143,
"fz": -191.4611,
"origX": 0.072539,
"origY": -0.022275,
"origZ": -0.0085057,
"seedArr": "notSeed",
"colorb": "#FCF3D4",
"colorw": "#FCF3D4" 
},
{
 "id": "Bin.1.10",
"label": "Bin.1.10",
"size":       24,
"opacity":     0.73,
"fx": 159.7943,
"fy": -743.0286,
"fz": -355.7543,
"origX": 0.052964,
"origY": -0.15503,
"origZ": -0.037257,
"seedArr": "notSeed",
"colorb": "#F46B42",
"colorw": "#F46B42" 
},
{
 "id": "Bin.1.06",
"label": "Bin.1.06",
"size":       24,
"opacity":     0.72,
"fx": 507.1429,
"fy": -434.2857,
"fz": -460.9429,
"origX":  0.11375,
"origY":   -0.101,
"origZ": -0.055665,
"seedArr": "notSeed",
"colorb": "#F4764A",
"colorw": "#F4764A" 
},
{
 "id": "Bin.1.02",
"label": "Bin.1.02",
"size":       24,
"opacity":     0.67,
"fx": 651.7143,
"fy": -200.6286,
"fz": -297.2057,
"origX":  0.13905,
"origY": -0.06011,
"origZ": -0.027011,
"seedArr": "notSeed",
"colorb": "#F79661",
"colorw": "#F79661" 
},
{
 "id": "Bin.0.98",
"label": "Bin.0.98",
"size":       24,
"opacity":     0.66,
"fx":    664.4,
"fy": -99.73714,
"fz": -363.2571,
"origX":  0.14127,
"origY": -0.042454,
"origZ": -0.03857,
"seedArr": "notSeed",
"colorb": "#F89D66",
"colorw": "#F89D66" 
},
{
 "id": "Bin.0.94",
"label": "Bin.0.94",
"size":       24,
"opacity":     0.66,
"fx": 707.7143,
"fy": -24.61143,
"fz": -211.5543,
"origX":  0.14885,
"origY": -0.029307,
"origZ": -0.012022,
"seedArr": "notSeed",
"colorb": "#F8A069",
"colorw": "#F8A069" 
},
{
 "id": "Bin.0.90",
"label": "Bin.0.90",
"size":       24,
"opacity":     0.64,
"fx": 625.9429,
"fy": -138.7486,
"fz": -386.3943,
"origX":  0.13454,
"origY": -0.049281,
"origZ": -0.042619,
"seedArr": "notSeed",
"colorb": "#F9AD72",
"colorw": "#F9AD72" 
},
{
 "id": "Bin.0.86",
"label": "Bin.0.86",
"size":       24,
"opacity":     0.65,
"fx": 650.8571,
"fy": -106.3657,
"fz": -377.8914,
"origX":   0.1389,
"origY": -0.043614,
"origZ": -0.041131,
"seedArr": "notSeed",
"colorb": "#F9A66D",
"colorw": "#F9A66D" 
},
{
 "id": "Bin.0.82",
"label": "Bin.0.82",
"size":       24,
"opacity":     0.67,
"fx": 708.2286,
"fy": -68.64571,
"fz": -118.9714,
"origX":  0.14894,
"origY": -0.037013,
"origZ":  0.00418,
"seedArr": "notSeed",
"colorb": "#F79862",
"colorw": "#F79862" 
},
{
 "id": "Bin.0.78",
"label": "Bin.0.78",
"size":       24,
"opacity":     0.72,
"fx": 672.0571,
"fy": -286.5314,
"fz": -29.22286,
"origX":  0.14261,
"origY": -0.075143,
"origZ": 0.019886,
"seedArr": "notSeed",
"colorb": "#F47449",
"colorw": "#F47449" 
},
{
 "id": "Bin.0.74",
"label": "Bin.0.74",
"size":       24,
"opacity":     0.78,
"fx": 60.27429,
"fy": -785.8857,
"fz": 611.8857,
"origX": 0.035548,
"origY": -0.16253,
"origZ":  0.13208,
"seedArr": "notSeed",
"colorb": "#F1492A",
"colorw": "#F1492A" 
},
{
 "id": "Bin.0.70",
"label": "Bin.0.70",
"size":       24,
"opacity":     0.78,
"fx": 141.2286,
"fy": -792.0571,
"fz": 583.6571,
"origX": 0.049715,
"origY": -0.16361,
"origZ":  0.12714,
"seedArr": "notSeed",
"colorb": "#F04527",
"colorw": "#F04527" 
},
{
 "id": "Bin.0.66",
"label": "Bin.0.66",
"size":       24,
"opacity":     0.78,
"fx": 148.9543,
"fy": -774.1714,
"fz": 584.2286,
"origX": 0.051067,
"origY": -0.16048,
"origZ":  0.12724,
"seedArr": "notSeed",
"colorb": "#F14B2B",
"colorw": "#F14B2B" 
},
{
 "id": "Bin.0.62",
"label": "Bin.0.62",
"size":       24,
"opacity":     0.75,
"fx": 227.9086,
"fy": -652.8571,
"fz": 498.9143,
"origX": 0.064884,
"origY": -0.13925,
"origZ":  0.11231,
"seedArr": "notSeed",
"colorb": "#F25C38",
"colorw": "#F25C38" 
},
{
 "id": "Bin.0.58",
"label": "Bin.0.58",
"size":       24,
"opacity":     0.74,
"fx": 202.7314,
"fy": -626.5714,
"fz":      462,
"origX": 0.060478,
"origY": -0.13465,
"origZ":  0.10585,
"seedArr": "notSeed",
"colorb": "#F3623C",
"colorw": "#F3623C" 
},
{
 "id": "Bin.0.54",
"label": "Bin.0.54",
"size":       24,
"opacity":     0.75,
"fx": 178.4114,
"fy": -675.0857,
"fz": 500.0571,
"origX": 0.056222,
"origY": -0.14314,
"origZ":  0.11251,
"seedArr": "notSeed",
"colorb": "#F25B37",
"colorw": "#F25B37" 
},
{
 "id": "Bin.0.50",
"label": "Bin.0.50",
"size":       24,
"opacity":      0.7,
"fx": 274.0057,
"fy": -481.0857,
"fz": 375.5143,
"origX": 0.072951,
"origY": -0.10919,
"origZ": 0.090715,
"seedArr": "notSeed",
"colorb": "#F57E50",
"colorw": "#F57E50" 
},
{
 "id": "Bin.0.46",
"label": "Bin.0.46",
"size":       24,
"opacity":      0.7,
"fx":    269.6,
"fy":   -636.8,
"fz": 52.69714,
"origX":  0.07218,
"origY": -0.13644,
"origZ": 0.034222,
"seedArr": "notSeed",
"colorb": "#F68253",
"colorw": "#F68253" 
},
{
 "id": "Bin.0.42",
"label": "Bin.0.42",
"size":       24,
"opacity":     0.64,
"fx": 167.7714,
"fy":   -642.8,
"fz":   -82.16,
"origX":  0.05436,
"origY": -0.13749,
"origZ": 0.010622,
"seedArr": "notSeed",
"colorb": "#F9AF73",
"colorw": "#F9AF73" 
},
{
 "id": "Bin.0.38",
"label": "Bin.0.38",
"size":       24,
"opacity":     0.68,
"fx": 33.98286,
"fy": -655.9429,
"fz": 190.9029,
"origX": 0.030947,
"origY": -0.13979,
"origZ": 0.058408,
"seedArr": "notSeed",
"colorb": "#F7905D",
"colorw": "#F7905D" 
},
{
 "id": "Bin.0.34",
"label": "Bin.0.34",
"size":       24,
"opacity":     0.66,
"fx": 184.4571,
"fy": -655.8286,
"fz": -32.22857,
"origX":  0.05728,
"origY": -0.13977,
"origZ":  0.01936,
"seedArr": "notSeed",
"colorb": "#F89F68",
"colorw": "#F89F68" 
},
{
 "id": "Bin.0.30",
"label": "Bin.0.30",
"size":       24,
"opacity":     0.56,
"fx": 172.5771,
"fy": -540.6286,
"fz": -37.27429,
"origX": 0.055201,
"origY": -0.11961,
"origZ": 0.018477,
"seedArr": "notSeed",
"colorb": "#FEE69B",
"colorw": "#FEE69B" 
},
{
 "id": "Bin.0.26",
"label": "Bin.0.26",
"size":       24,
"opacity":     0.55,
"fx": 259.9543,
"fy": -485.4286,
"fz": -120.9069,
"origX": 0.070492,
"origY": -0.10995,
"origZ": 0.0038413,
"seedArr": "notSeed",
"colorb": "#FEEDA0",
"colorw": "#FEEDA0" 
},
{
 "id": "Bin.0.22",
"label": "Bin.0.22",
"size":       24,
"opacity":     0.55,
"fx": 273.6229,
"fy": -477.0286,
"fz": -75.91429,
"origX": 0.072884,
"origY": -0.10848,
"origZ": 0.011715,
"seedArr": "notSeed",
"colorb": "#FEEDA0",
"colorw": "#FEEDA0" 
} 
],
"misc": "",
"ticks": {
 "x": [      -10,       -8,       -6,       -4,       -2,        0,        2,        4,        6,        8,       10,       12,       14,       16 ],
"y": [       -8,       -6,       -4,       -2,        0,        2,        4,        6,        8,       10,       12,       14,       16,       18,       20,       22 ],
"z": [      -20,      -15,      -10,       -5,        0,        5,       10,       15 ] 
},
"ticksLoading": {
 "x": [    -0.14,    -0.12,     -0.1,    -0.08,    -0.06,    -0.04,    -0.02,        0,     0.02,     0.04,     0.06,     0.08,      0.1,     0.12,     0.14,     0.16 ],
"y": [     -0.2,    -0.15,     -0.1,    -0.05,        0,     0.05,      0.1,     0.15 ],
"z": [    -0.15,     -0.1,    -0.05,        0,     0.05,      0.1,     0.15,      0.2 ] 
},
"axis": [ "Component1 (19.8%)", "Component2 (11.2%)", "Component3 (11.1%)" ],
"axisLoading": [ "Loading 1", "Loading 2", "Loading 3" ],
"metaCol": {
 "label": [ "control", "patient" ],
"color": [ "#E6194B", "#3CB44B" ],
"type": null 
} 
}