{
	"0:0" : "Bin.0.82",
	"0:1" : "Bin.0.94",
	"0:2" : "Bin.1.42",
	"0:3" : "Bin.0.78",
	"0:4" : "Bin.0.98",
	"0:5" : "Bin.1.02",
	"0:6" : "Bin.0.86",
	"0:7" : "Bin.1.62",
	"0:8" : "Bin.0.90",
	"0:9" : "Bin.1.70",
	"0:10" : "Bin.2.10",
	"0:11" : "Bin.1.66",
	"0:12" : "Bin.8.66",
	"0:13" : "Bin.8.26",
	"0:14" : "Bin.1.58",
	"0:15" : "Bin.1.74",
	"0:16" : "Bin.1.46",
	"0:17" : "Bin.2.54",
	"0:18" : "Bin.8.30",
	"0:19" : "Bin.7.82",
	"0:20" : "Bin.7.86",
	"0:21" : "Bin.2.70",
	"0:22" : "Bin.8.42",
	"0:23" : "Bin.8.38",
	"0:24" : "Bin.1.38",
	"0:25" : "Bin.1.50",
	"0:26" : "Bin.8.14",
	"0:27" : "Bin.3.98",
	"0:28" : "Bin.7.66",
	"0:29" : "Bin.7.54",
	"0:30" : "Bin.1.86",
	"0:31" : "Bin.1.78",
	"0:32" : "Bin.1.98",
	"0:33" : "Bin.1.06",
	"0:34" : "Bin.8.58",
	"0:35" : "Bin.1.82",
	"0:36" : "Bin.2.30",
	"0:37" : "Bin.4.26",
	"0:38" : "Bin.8.78",
	"0:39" : "Bin.7.58",
	"0:40" : "Bin.1.90",
	"0:41" : "Bin.2.66",
	"0:42" : "Bin.2.22",
	"0:43" : "Bin.1.94",
	"0:44" : "Bin.1.54",
	"0:45" : "Bin.7.62",
	"0:46" : "Bin.2.06",
	"0:47" : "Bin.3.74",
	"0:48" : "Bin.8.34",
	"0:49" : "Bin.6.82",
	"0:50" : "Bin.2.02",
	"0:51" : "Bin.3.14",
	"0:52" : "Bin.4.14",
	"0:53" : "Bin.4.22",
	"0:54" : "Bin.3.86",
	"0:55" : "Bin.8.74",
	"0:56" : "Bin.8.22",
	"0:57" : "Bin.3.70",
	"0:58" : "Bin.2.26",
	"0:59" : "Bin.2.58",
	"0:60" : "Bin.8.70",
	"0:61" : "Bin.3.90",
	"0:62" : "Bin.8.62",
	"0:63" : "Bin.7.02",
	"0:64" : "Bin.2.14",
	"0:65" : "Bin.1.18",
	"0:66" : "Bin.7.78",
	"0:67" : "Bin.4.30",
	"0:68" : "Bin.4.06",
	"0:69" : "Bin.0.50",
	"0:70" : "Bin.0.22",
	"0:71" : "Bin.1.14",
	"0:72" : "Bin.0.46",
	"0:73" : "Bin.0.26",
	"0:74" : "Bin.7.46",
	"0:75" : "Bin.3.04",
	"0:76" : "Bin.1.34",
	"0:77" : "Bin.3.38",
	"0:78" : "Bin.4.04",
	"0:79" : "Bin.2.38",
	"0:80" : "Bin.2.98",
	"0:81" : "Bin.3.50",
	"0:82" : "Bin.0.62",
	"0:83" : "Bin.8.98",
	"0:84" : "Bin.3.54",
	"0:85" : "Bin.3.06",
	"0:86" : "Bin.7.06",
	"0:87" : "Bin.8.50",
	"0:88" : "Bin.3.18",
	"0:89" : "Bin.7.30",
	"0:90" : "Bin.4.18",
	"0:91" : "Bin.0.58",
	"0:92" : "Bin.6.30",
	"0:93" : "Bin.4.10",
	"0:94" : "Bin.9.22",
	"0:95" : "Bin.0.34",
	"0:96" : "Bin.8.46",
	"0:97" : "Bin.4.34",
	"0:98" : "Bin.6.38",
	"0:99" : "Bin.2.62",
	"0:100" : "Bin.0.54",
	"0:101" : "Bin.0.30",
	"0:102" : "Bin.9.42",
	"0:103" : "Bin.8.06",
	"0:104" : "Bin.0.42",
	"0:105" : "Bin.8.90",
	"0:106" : "Bin.8.94",
	"0:107" : "Bin.1.10",
	"0:108" : "Bin.6.50",
	"0:109" : "Bin.9.50",
	"0:110" : "Bin.8.10",
	"0:111" : "Bin.0.66",
	"0:112" : "Bin.7.90",
	"0:113" : "Bin.7.22",
	"0:114" : "Bin.0.70",
	"0:115" : "Bin.3.34",
	"0:116" : "Bin.7.74",
	"0:117" : "Bin.1.30",
	"0:118" : "Bin.4.38",
	"0:119" : "Bin.3.78",
	"0:120" : "Bin.3.58",
	"0:121" : "Bin.3.46",
	"0:122" : "Bin.2.86",
	"0:123" : "Bin.2.50",
	"0:124" : "Bin.6.46",
	"0:125" : "Bin.2.46",
	"0:126" : "Bin.6.42",
	"0:127" : "Bin.8.54",
	"0:128" : "Bin.6.34",
	"0:129" : "Bin.3.62",
	"0:130" : "Bin.9.02",
	"0:131" : "Bin.3.10",
	"0:132" : "Bin.9.18",
	"0:133" : "Bin.9.38",
	"0:134" : "Bin.3.66",
	"0:135" : "Bin.1.22",
	"0:136" : "Bin.2.78",
	"0:137" : "Bin.0.74",
	"0:138" : "Bin.3.82",
	"0:139" : "Bin.3.02",
	"0:140" : "Bin.2.34",
	"0:141" : "Bin.3.22",
	"0:142" : "Bin.0.38",
	"0:143" : "Bin.6.90",
	"0:144" : "Bin.3.42",
	"0:145" : "Bin.2.74",
	"0:146" : "Bin.9.34",
	"0:147" : "Bin.9.82",
	"0:148" : "Bin.6.54",
	"0:149" : "Bin.6.58",
	"0:150" : "Bin.9.98",
	"0:151" : "Bin.9.70",
	"0:152" : "Bin.6.62",
	"0:153" : "Bin.3.94",
	"0:154" : "Bin.7.70",
	"0:155" : "Bin.9.06",
	"0:156" : "Bin.7.34",
	"0:157" : "Bin.9.46",
	"0:158" : "Bin.8.86",
	"0:159" : "Bin.7.38",
	"0:160" : "Bin.3.30",
	"0:161" : "Bin.7.42",
	"0:162" : "Bin.2.42",
	"0:163" : "Bin.4.02",
	"0:164" : "Bin.6.98",
	"0:165" : "Bin.9.62",
	"0:166" : "Bin.8.02",
	"0:167" : "Bin.3.26",
	"0:168" : "Bin.9.78",
	"0:169" : "Bin.8.18",
	"0:170" : "Bin.9.10",
	"0:171" : "Bin.9.14",
	"0:172" : "Bin.2.94",
	"0:173" : "Bin.2.82",
	"0:174" : "Bin.6.74",
	"0:175" : "Bin.9.54",
	"0:176" : "Bin.9.66",
	"0:177" : "Bin.9.26",
	"0:178" : "Bin.6.70",
	"0:179" : "Bin.9.30",
	"0:180" : "Bin.9.74",
	"0:181" : "Bin.9.58",
	"0:182" : "Bin.7.10",
	"0:183" : "Bin.9.90",
	"0:184" : "Bin.6.86",
	"0:185" : "Bin.7.50",
	"0:186" : "Bin.6.78",
	"0:187" : "Bin.7.94",
	"0:188" : "Bin.7.18",
	"0:189" : "Bin.7.98",
	"0:190" : "Bin.2.18",
	"0:191" : "Bin.7.26",
	"0:192" : "Bin.2.90",
	"0:193" : "Bin.6.94",
	"0:194" : "Bin.6.66",
	"0:195" : "Bin.7.14",
	"0:196" : "Bin.1.26",
	"0:197" : "Bin.8.82",
	"0:198" : "Bin.9.94",
	"0:199" : "Bin.9.86"
}
